,Branch,YearMonth,Weekday,Hour,Product line,Unit price,Quantity,Total,Rating
0,A,2019-01,5,13,Health and beauty,74.69,7,548.9715,9.1
1,C,2019-03,4,10,Electronic accessories,15.28,5,80.22,9.6
2,A,2019-03,6,13,Home and lifestyle,46.33,7,340.5255,7.4
3,A,2019-01,6,20,Health and beauty,58.22,8,489.048,8.4
4,A,2019-02,4,10,Sports and travel,86.31,7,634.3785,5.3
5,C,2019-03,0,18,Electronic accessories,85.39,7,627.6165,4.1
6,A,2019-02,0,14,Electronic accessories,68.84,6,433.69199999999995,5.8
7,C,2019-02,6,11,Home and lifestyle,73.56,10,772.38,8.0
8,A,2019-01,3,17,Health and beauty,36.26,2,76.146,7.2
9,B,2019-02,2,13,Food and beverages,54.84,3,172.74599999999998,5.9
10,B,2019-02,2,18,Fashion accessories,14.48,4,60.816,4.5
11,B,2019-03,5,17,Electronic accessories,25.51,4,107.14200000000001,6.8
12,A,2019-02,1,10,Electronic accessories,46.95,5,246.4875,7.1
13,A,2019-02,3,16,Food and beverages,43.19,10,453.495,8.2
14,A,2019-03,4,19,Health and beauty,71.38,10,749.49,5.7
15,B,2019-01,1,16,Sports and travel,93.72,6,590.436,4.5
16,A,2019-03,0,11,Health and beauty,68.93,7,506.6355,4.6
17,A,2019-01,1,10,Sports and travel,72.61,6,457.44300000000004,6.9
18,A,2019-01,0,18,Food and beverages,54.67,3,172.2105,8.6
19,B,2019-03,0,15,Home and lifestyle,40.3,2,84.63,4.4
20,C,2019-02,0,11,Electronic accessories,86.04,5,451.71,4.8
21,B,2019-03,1,10,Health and beauty,87.98,3,277.137,5.1
22,B,2019-03,4,12,Home and lifestyle,33.2,2,69.72,4.4
23,A,2019-02,6,11,Electronic accessories,34.56,5,181.44,9.9
24,A,2019-03,5,17,Sports and travel,88.63,3,279.1845,6.0
25,A,2019-03,4,19,Home and lifestyle,52.59,8,441.756,8.5
26,B,2019-02,4,15,Fashion accessories,33.52,1,35.196,6.7
27,A,2019-03,6,12,Fashion accessories,87.67,2,184.107,7.7
28,B,2019-01,4,19,Food and beverages,88.36,5,463.89,9.6
29,A,2019-03,4,15,Health and beauty,24.89,9,235.2105,7.4
30,B,2019-02,0,19,Fashion accessories,94.13,5,494.1825,4.8
31,B,2019-01,0,12,Sports and travel,78.07,9,737.7615,4.5
32,B,2019-01,3,14,Sports and travel,83.78,8,703.752,5.1
33,A,2019-03,4,10,Health and beauty,96.58,2,202.81799999999998,5.1
34,C,2019-02,2,10,Food and beverages,99.42,4,417.564,7.5
35,C,2019-01,0,12,Sports and travel,68.12,1,71.52600000000001,6.8
36,A,2019-03,6,19,Sports and travel,62.62,5,328.755,7.0
37,A,2019-01,1,17,Electronic accessories,60.88,9,575.316,4.7
38,C,2019-03,5,13,Health and beauty,54.92,8,461.32800000000003,7.6
39,B,2019-03,6,13,Home and lifestyle,30.12,8,253.00799999999998,7.7
40,B,2019-01,3,18,Home and lifestyle,86.72,1,91.056,7.9
41,C,2019-02,5,10,Home and lifestyle,56.11,2,117.831,6.3
42,B,2019-02,4,13,Sports and travel,69.12,6,435.45599999999996,5.6
43,C,2019-03,0,20,Food and beverages,98.7,8,829.08,7.6
44,C,2019-03,5,19,Health and beauty,15.37,2,32.277,7.2
45,B,2019-03,5,18,Electronic accessories,93.96,4,394.63199999999995,9.5
46,B,2019-02,2,17,Health and beauty,56.69,9,535.7205,8.4
47,B,2019-02,2,15,Food and beverages,20.01,9,189.0945,4.1
48,B,2019-02,6,12,Electronic accessories,18.93,6,119.259,8.1
49,C,2019-03,1,17,Fashion accessories,82.63,10,867.615,7.9
50,C,2019-02,6,10,Food and beverages,91.4,7,671.79,9.5
51,A,2019-02,6,15,Food and beverages,44.59,5,234.0975,8.5
52,B,2019-03,4,14,Fashion accessories,17.87,4,75.054,6.5
53,C,2019-01,4,15,Fashion accessories,15.43,1,16.2015,6.1
54,B,2019-03,3,11,Home and lifestyle,16.16,2,33.936,6.5
55,C,2019-02,3,19,Electronic accessories,85.98,8,722.232,8.2
56,A,2019-03,2,11,Home and lifestyle,44.34,2,93.11399999999999,5.8
57,A,2019-02,3,11,Health and beauty,89.6,8,752.64,6.6
58,A,2019-01,6,15,Home and lifestyle,72.35,10,759.675,5.4
59,C,2019-03,1,20,Electronic accessories,30.61,6,192.843,9.3
60,C,2019-02,4,17,Sports and travel,24.74,3,77.931,10.0
61,C,2019-02,6,10,Home and lifestyle,55.73,6,351.099,7.0
62,B,2019-02,6,13,Sports and travel,55.07,9,520.4115,10.0
63,A,2019-03,2,12,Sports and travel,15.81,10,166.005,8.6
64,B,2019-02,3,14,Health and beauty,75.74,4,318.108,7.6
65,A,2019-03,2,16,Health and beauty,15.87,10,166.635,5.8
66,C,2019-02,6,15,Health and beauty,33.47,2,70.28699999999999,6.7
67,B,2019-01,0,15,Fashion accessories,97.61,6,614.943,9.9
68,A,2019-01,3,10,Sports and travel,78.77,10,827.085,6.4
69,A,2019-02,5,18,Health and beauty,18.33,1,19.2465,4.3
70,C,2019-01,6,12,Food and beverages,89.48,10,939.54,9.6
71,C,2019-02,0,16,Fashion accessories,62.12,10,652.26,5.9
72,B,2019-03,1,18,Food and beverages,48.52,3,152.838,4.0
73,C,2019-03,5,18,Electronic accessories,75.91,6,478.233,8.7
74,A,2019-01,1,10,Home and lifestyle,74.67,9,705.6315,9.4
75,C,2019-01,6,17,Electronic accessories,41.65,10,437.325,5.4
76,C,2019-01,2,14,Fashion accessories,49.04,9,463.42800000000005,8.6
77,A,2019-01,5,15,Fashion accessories,20.01,9,189.0945,5.7
78,C,2019-03,1,16,Food and beverages,78.31,10,822.255,6.6
79,C,2019-01,1,18,Health and beauty,20.38,5,106.995,6.0
80,C,2019-01,0,14,Health and beauty,99.19,6,624.8969999999999,5.5
81,B,2019-01,5,19,Food and beverages,96.68,3,304.54200000000003,6.4
82,C,2019-01,2,18,Food and beverages,19.25,8,161.7,6.6
83,C,2019-02,5,18,Food and beverages,80.36,4,337.51199999999994,8.3
84,C,2019-03,5,10,Sports and travel,48.91,5,256.7775,6.6
85,C,2019-03,1,14,Sports and travel,83.06,7,610.491,4.0
86,C,2019-03,0,10,Fashion accessories,76.52,5,401.73,9.9
87,A,2019-03,2,20,Food and beverages,49.38,7,362.94300000000004,7.3
88,A,2019-01,2,16,Sports and travel,42.47,1,44.5935,5.7
89,B,2019-02,2,17,Health and beauty,76.99,6,485.037,6.1
90,C,2019-01,2,10,Home and lifestyle,47.38,4,198.99599999999998,7.1
91,C,2019-01,5,19,Sports and travel,44.86,10,471.03,8.2
92,A,2019-01,3,16,Sports and travel,21.98,7,161.553,5.1
93,B,2019-03,1,12,Health and beauty,64.36,9,608.202,8.6
94,C,2019-02,2,20,Health and beauty,89.75,1,94.2375,6.6
95,A,2019-03,4,20,Electronic accessories,97.16,1,102.01799999999999,7.2
96,B,2019-03,4,10,Health and beauty,87.87,10,922.635,5.1
97,C,2019-02,5,13,Electronic accessories,12.45,6,78.435,4.1
98,A,2019-03,5,10,Food and beverages,52.75,3,166.1625,9.3
99,B,2019-03,1,18,Home and lifestyle,82.7,6,521.01,7.4
100,C,2019-03,1,19,Fashion accessories,48.71,1,51.1455,4.1
101,C,2019-03,4,13,Fashion accessories,78.55,9,742.2975,7.2
102,C,2019-02,4,11,Electronic accessories,23.07,9,218.0115,4.9
103,A,2019-03,3,16,Food and beverages,58.26,6,367.038,9.9
104,B,2019-03,1,18,Health and beauty,30.35,7,223.0725,8.0
105,A,2019-01,5,14,Electronic accessories,88.67,10,931.035,7.3
106,C,2019-01,5,20,Fashion accessories,27.38,6,172.49400000000003,7.9
107,A,2019-03,4,20,Sports and travel,62.13,6,391.41900000000004,7.4
108,C,2019-03,6,10,Food and beverages,33.98,9,321.111,4.2
109,C,2019-03,6,14,Electronic accessories,81.97,10,860.685,9.2
110,B,2019-02,1,11,Sports and travel,16.49,2,34.629,4.6
111,C,2019-02,1,10,Health and beauty,98.21,3,309.3615,7.8
112,B,2019-02,4,12,Fashion accessories,72.84,7,535.374,8.4
113,A,2019-01,5,20,Home and lifestyle,58.07,9,548.7615,4.3
114,C,2019-02,4,20,Home and lifestyle,80.79,9,763.4655,9.5
115,C,2019-03,5,13,Fashion accessories,27.02,3,85.113,7.1
116,B,2019-03,1,12,Fashion accessories,21.94,5,115.185,5.3
117,B,2019-01,2,15,Fashion accessories,51.36,1,53.928000000000004,5.2
118,A,2019-02,5,20,Food and beverages,10.96,10,115.08,6.0
119,B,2019-01,6,20,Home and lifestyle,53.44,2,112.22399999999999,4.1
120,A,2019-02,3,17,Electronic accessories,99.56,8,836.304,5.2
121,C,2019-01,5,12,Sports and travel,57.12,7,419.832,6.5
122,B,2019-03,5,17,Sports and travel,99.96,9,944.622,4.2
123,C,2019-03,2,19,Home and lifestyle,63.91,8,536.844,4.6
124,B,2019-03,5,14,Fashion accessories,56.47,8,474.348,7.3
125,A,2019-03,6,18,Home and lifestyle,93.69,7,688.6215,4.5
126,A,2019-01,6,13,Sports and travel,32.25,5,169.3125,9.0
127,C,2019-01,1,16,Fashion accessories,31.73,9,299.8485,5.9
128,C,2019-01,1,15,Food and beverages,68.54,8,575.736,8.5
129,B,2019-02,4,11,Sports and travel,90.28,9,853.1460000000001,7.2
130,B,2019-01,4,13,Fashion accessories,39.62,7,291.207,7.5
131,A,2019-03,2,20,Sports and travel,92.13,6,580.419,8.3
132,B,2019-02,6,18,Sports and travel,34.84,4,146.328,7.4
133,B,2019-02,6,14,Electronic accessories,87.45,6,550.935,8.8
134,C,2019-03,4,16,Health and beauty,81.3,6,512.19,5.3
135,C,2019-02,0,19,Fashion accessories,90.22,3,284.193,6.2
136,A,2019-01,4,20,Electronic accessories,26.31,5,138.1275,8.8
137,A,2019-02,0,15,Home and lifestyle,34.42,6,216.84599999999998,9.8
138,B,2019-02,5,12,Sports and travel,51.91,10,545.055,8.2
139,A,2019-03,5,19,Sports and travel,72.5,8,609.0,9.2
140,C,2019-01,2,13,Sports and travel,89.8,10,942.9,5.4
141,C,2019-01,4,13,Health and beauty,90.5,10,950.25,8.1
142,C,2019-02,1,19,Health and beauty,68.6,10,720.3,9.1
143,C,2019-02,4,10,Food and beverages,30.41,1,31.9305,8.4
144,A,2019-01,0,16,Home and lifestyle,77.95,6,491.085,8.0
145,C,2019-03,4,17,Health and beauty,46.26,6,291.438,9.5
146,A,2019-02,6,12,Fashion accessories,30.14,10,316.47,9.2
147,C,2019-03,1,12,Health and beauty,66.14,4,277.788,5.6
148,B,2019-03,2,15,Home and lifestyle,71.86,8,603.624,6.2
149,A,2019-03,2,13,Health and beauty,32.46,8,272.664,4.9
150,B,2019-03,5,19,Fashion accessories,91.54,4,384.468,4.8
151,C,2019-03,0,16,Sports and travel,34.56,7,254.016,7.3
152,A,2019-01,1,11,Fashion accessories,83.24,9,786.618,7.4
153,C,2019-02,3,18,Food and beverages,16.48,6,103.824,9.9
154,C,2019-01,0,13,Sports and travel,80.97,8,680.148,9.3
155,A,2019-02,2,15,Food and beverages,92.29,5,484.5225,9.0
156,B,2019-01,4,19,Electronic accessories,72.17,1,75.7785,6.1
157,B,2019-03,3,13,Home and lifestyle,50.28,5,263.97,9.7
158,B,2019-03,5,14,Health and beauty,97.22,9,918.7289999999999,6.0
159,B,2019-03,2,19,Sports and travel,93.39,6,588.357,10.0
160,C,2019-01,5,19,Food and beverages,43.18,8,362.712,8.3
161,A,2019-02,0,16,Sports and travel,63.69,1,66.8745,6.0
162,A,2019-03,2,19,Food and beverages,45.79,7,336.5565,7.0
163,C,2019-01,2,19,Sports and travel,76.4,2,160.44,6.5
164,B,2019-02,2,15,Food and beverages,39.9,10,418.95,5.9
165,B,2019-02,0,14,Health and beauty,42.57,8,357.588,5.6
166,C,2019-01,2,13,Home and lifestyle,95.58,10,1003.59,4.8
167,A,2019-02,4,16,Fashion accessories,98.98,10,1039.29,8.7
168,A,2019-01,5,16,Food and beverages,51.28,6,323.064,6.5
169,A,2019-02,4,15,Sports and travel,69.52,7,510.972,8.5
170,A,2019-01,3,11,Health and beauty,70.01,5,367.5525,5.5
171,B,2019-01,5,12,Food and beverages,80.05,5,420.2625,9.4
172,C,2019-03,6,19,Electronic accessories,20.85,8,175.14,6.3
173,B,2019-01,5,17,Electronic accessories,52.89,6,333.207,9.8
174,B,2019-01,4,12,Food and beverages,19.79,8,166.236,8.7
175,A,2019-03,3,16,Home and lifestyle,33.84,9,319.788,8.8
176,A,2019-03,6,17,Food and beverages,22.17,8,186.22799999999998,9.6
177,C,2019-02,2,10,Fashion accessories,22.51,7,165.4485,4.8
178,A,2019-03,5,19,Food and beverages,73.88,6,465.444,4.4
179,C,2019-01,0,16,Health and beauty,86.8,3,273.42,9.9
180,C,2019-02,5,10,Fashion accessories,64.26,7,472.311,5.7
181,C,2019-01,2,11,Food and beverages,38.47,8,323.14799999999997,7.7
182,A,2019-03,5,10,Sports and travel,15.5,10,162.75,8.0
183,C,2019-01,4,15,Health and beauty,34.31,8,288.204,5.7
184,A,2019-03,0,11,Sports and travel,12.34,7,90.699,6.7
185,B,2019-03,1,19,Food and beverages,18.08,3,56.952,8.0
186,B,2019-03,6,19,Home and lifestyle,94.49,8,793.716,7.5
187,B,2019-02,4,10,Home and lifestyle,46.47,4,195.174,7.0
188,A,2019-02,6,12,Home and lifestyle,74.07,1,77.7735,9.9
189,C,2019-01,0,20,Home and lifestyle,69.81,4,293.202,5.9
190,B,2019-02,0,10,Home and lifestyle,77.04,3,242.676,7.2
191,B,2019-01,1,13,Fashion accessories,73.52,2,154.392,4.6
192,C,2019-03,5,19,Food and beverages,87.8,9,829.71,9.2
193,B,2019-01,5,20,Home and lifestyle,25.55,4,107.31,5.7
194,A,2019-03,1,11,Electronic accessories,32.71,5,171.7275,9.9
195,C,2019-01,6,19,Fashion accessories,74.29,1,78.0045,5.0
196,C,2019-03,1,18,Health and beauty,43.7,2,91.77,4.9
197,A,2019-03,5,10,Home and lifestyle,25.29,1,26.5545,6.1
198,C,2019-03,1,19,Health and beauty,41.5,4,174.3,8.2
199,C,2019-02,6,19,Food and beverages,71.39,5,374.7975,5.5
200,C,2019-01,1,10,Sports and travel,19.15,6,120.645,6.8
201,B,2019-03,4,11,Electronic accessories,57.49,4,241.458,6.6
202,C,2019-01,0,10,Electronic accessories,61.41,7,451.3635,9.8
203,B,2019-02,2,14,Health and beauty,25.9,10,271.95,8.7
204,B,2019-02,4,12,Home and lifestyle,17.77,5,93.2925,5.4
205,A,2019-01,3,12,Health and beauty,23.03,9,217.6335,7.9
206,C,2019-01,4,18,Electronic accessories,66.65,9,629.8425,9.7
207,C,2019-03,0,17,Home and lifestyle,28.53,10,299.565,7.8
208,B,2019-03,3,13,Fashion accessories,30.37,3,95.6655,5.1
209,B,2019-03,5,19,Electronic accessories,99.73,9,942.4485,6.5
210,A,2019-01,4,20,Electronic accessories,26.23,9,247.8735,5.9
211,C,2019-01,2,18,Food and beverages,93.26,9,881.307,8.8
212,B,2019-03,2,19,Home and lifestyle,92.36,5,484.89,4.9
213,B,2019-01,4,13,Sports and travel,46.42,3,146.22299999999998,4.4
214,B,2019-03,0,15,Sports and travel,29.61,7,217.6335,6.5
215,A,2019-03,4,15,Home and lifestyle,18.28,1,19.194000000000003,8.3
216,B,2019-03,6,18,Sports and travel,24.77,5,130.0425,8.5
217,A,2019-02,3,16,Electronic accessories,94.64,3,298.116,5.5
218,B,2019-02,1,12,Fashion accessories,94.87,8,796.908,8.7
219,B,2019-03,6,18,Food and beverages,57.34,3,180.62099999999998,7.9
220,B,2019-01,3,13,Electronic accessories,45.35,6,285.705,6.1
221,B,2019-03,2,13,Food and beverages,62.08,7,456.288,5.4
222,C,2019-02,6,18,Electronic accessories,11.81,5,62.0025,9.4
223,C,2019-02,3,12,Fashion accessories,12.54,1,13.167,8.2
224,A,2019-03,2,15,Food and beverages,43.25,2,90.825,6.2
225,C,2019-01,4,14,Sports and travel,87.16,2,183.03599999999997,9.7
226,B,2019-01,5,19,Health and beauty,69.37,9,655.5465,4.0
227,C,2019-01,3,16,Electronic accessories,37.06,4,155.65200000000002,9.7
228,B,2019-02,1,10,Electronic accessories,90.7,6,571.41,5.3
229,A,2019-03,0,12,Home and lifestyle,63.42,8,532.7280000000001,7.4
230,B,2019-01,5,19,Fashion accessories,81.37,2,170.877,6.5
231,B,2019-03,1,13,Electronic accessories,10.59,3,33.3585,8.7
232,B,2019-02,0,10,Health and beauty,84.09,9,794.6505,8.0
233,B,2019-02,3,18,Fashion accessories,73.82,4,310.04400000000004,6.7
234,A,2019-03,5,18,Health and beauty,51.94,10,545.37,6.5
235,A,2019-01,6,18,Sports and travel,93.14,2,195.59400000000002,4.1
236,C,2019-01,0,15,Health and beauty,17.41,5,91.4025,4.9
237,C,2019-03,1,17,Fashion accessories,44.22,5,232.155,8.6
238,B,2019-03,5,19,Electronic accessories,13.22,5,69.405,4.3
239,A,2019-01,4,11,Fashion accessories,89.69,1,94.1745,4.9
240,A,2019-01,4,16,Food and beverages,24.94,9,235.683,5.6
241,A,2019-03,0,12,Health and beauty,59.77,2,125.51700000000001,5.8
242,C,2019-02,3,18,Fashion accessories,93.2,2,195.72,6.0
243,A,2019-01,5,11,Home and lifestyle,62.65,4,263.13,4.2
244,B,2019-02,5,18,Home and lifestyle,93.87,8,788.508,8.3
245,A,2019-01,1,14,Home and lifestyle,47.59,8,399.756,5.7
246,B,2019-02,5,19,Electronic accessories,81.4,3,256.41,4.8
247,A,2019-01,2,14,Fashion accessories,17.94,5,94.185,6.8
248,A,2019-01,0,16,Electronic accessories,77.72,4,326.42400000000004,8.8
249,B,2019-01,0,19,Food and beverages,73.06,7,536.991,4.2
250,B,2019-02,5,15,Food and beverages,46.55,9,439.8975,6.4
251,C,2019-03,6,19,Fashion accessories,35.19,10,369.495,8.4
252,C,2019-03,5,19,Sports and travel,14.39,2,30.219,7.2
253,A,2019-03,5,11,Home and lifestyle,23.75,4,99.75,5.2
254,A,2019-01,6,11,Home and lifestyle,58.9,8,494.76,8.9
255,B,2019-01,1,14,Fashion accessories,32.62,4,137.004,9.0
256,A,2019-01,3,10,Electronic accessories,66.35,1,69.6675,9.7
257,A,2019-02,1,10,Home and lifestyle,25.91,6,163.233,8.7
258,A,2019-02,2,12,Electronic accessories,32.25,4,135.45,6.5
259,C,2019-02,3,13,Electronic accessories,65.94,4,276.948,6.9
260,A,2019-03,1,13,Electronic accessories,75.06,9,709.317,6.2
261,C,2019-03,3,14,Fashion accessories,16.45,4,69.09,5.6
262,B,2019-03,2,19,Fashion accessories,38.3,4,160.86,5.7
263,A,2019-02,5,11,Sports and travel,22.24,10,233.52,4.2
264,B,2019-02,1,19,Sports and travel,54.45,1,57.1725,7.9
265,A,2019-03,1,12,Sports and travel,98.4,7,723.24,8.7
266,C,2019-03,3,17,Home and lifestyle,35.47,4,148.974,6.9
267,B,2019-01,1,20,Food and beverages,74.6,10,783.3,9.5
268,A,2019-01,5,16,Home and lifestyle,70.74,4,297.108,4.4
269,A,2019-01,4,13,Home and lifestyle,35.54,10,373.17,7.0
270,B,2019-03,2,18,Sports and travel,67.43,5,354.0075,6.3
271,C,2019-01,3,19,Health and beauty,21.12,2,44.352,9.7
272,A,2019-01,0,11,Home and lifestyle,21.54,9,203.553,8.8
273,A,2019-01,6,15,Home and lifestyle,12.03,2,25.263,5.1
274,B,2019-02,1,16,Health and beauty,99.71,6,628.173,7.9
275,B,2019-01,0,20,Fashion accessories,47.97,7,352.5795,6.2
276,C,2019-01,0,17,Home and lifestyle,21.82,10,229.11,7.1
277,C,2019-02,5,13,Fashion accessories,95.42,4,400.764,6.4
278,C,2019-03,2,16,Fashion accessories,70.99,10,745.395,5.7
279,A,2019-03,2,19,Sports and travel,44.02,10,462.21,9.6
280,A,2019-02,4,17,Home and lifestyle,69.96,8,587.664,6.4
281,C,2019-03,2,13,Home and lifestyle,37.0,1,38.85,7.9
282,A,2019-01,6,11,Sports and travel,15.34,1,16.107,6.5
283,A,2019-03,0,15,Health and beauty,99.83,6,628.929,8.5
284,A,2019-03,1,14,Health and beauty,47.67,4,200.21400000000003,9.1
285,B,2019-02,2,18,Health and beauty,66.68,5,350.07,7.6
286,C,2019-03,6,14,Home and lifestyle,74.86,1,78.60300000000001,6.9
287,C,2019-01,3,12,Sports and travel,23.75,9,224.4375,9.5
288,B,2019-01,4,13,Food and beverages,48.51,7,356.5485,5.2
289,A,2019-02,6,14,Home and lifestyle,94.88,7,697.368,4.2
290,B,2019-01,3,17,Electronic accessories,40.3,10,423.15,7.0
291,C,2019-03,3,17,Electronic accessories,27.85,7,204.6975,6.0
292,A,2019-02,0,20,Electronic accessories,62.48,1,65.604,4.7
293,A,2019-01,0,10,Food and beverages,36.36,2,76.35600000000001,7.1
294,B,2019-03,2,11,Health and beauty,18.11,10,190.155,5.9
295,C,2019-03,6,13,Electronic accessories,51.92,5,272.58,7.5
296,C,2019-03,4,14,Electronic accessories,28.84,4,121.12799999999999,6.4
297,A,2019-01,3,14,Home and lifestyle,78.38,6,493.79400000000004,5.8
298,A,2019-01,4,15,Home and lifestyle,60.01,4,252.042,4.5
299,C,2019-01,5,10,Home and lifestyle,88.61,1,93.0405,7.7
300,C,2019-01,2,18,Fashion accessories,99.82,2,209.622,6.7
301,B,2019-03,1,16,Health and beauty,39.01,1,40.9605,4.7
302,C,2019-02,0,15,Food and beverages,48.61,1,51.0405,4.4
303,A,2019-03,0,17,Electronic accessories,51.19,4,214.998,4.7
304,B,2019-02,5,12,Electronic accessories,14.96,8,125.664,8.6
305,A,2019-03,1,20,Electronic accessories,72.2,7,530.67,4.3
306,A,2019-03,5,13,Sports and travel,40.23,7,295.6905,9.6
307,A,2019-02,6,17,Home and lifestyle,88.79,8,745.836,4.1
308,A,2019-03,3,10,Electronic accessories,26.48,3,83.412,4.7
309,A,2019-03,1,17,Fashion accessories,81.91,2,172.011,7.8
310,B,2019-01,3,14,Sports and travel,79.93,6,503.559,5.5
311,C,2019-02,1,19,Fashion accessories,69.33,2,145.593,9.7
312,A,2019-02,4,10,Food and beverages,14.23,5,74.7075,4.4
313,A,2019-03,3,13,Health and beauty,15.55,9,146.9475,5.0
314,C,2019-02,6,20,Electronic accessories,78.13,10,820.365,4.4
315,C,2019-02,3,17,Food and beverages,99.37,2,208.67700000000002,5.2
316,C,2019-02,5,10,Food and beverages,21.08,3,66.402,7.3
317,C,2019-01,3,11,Electronic accessories,74.79,5,392.6475,4.9
318,C,2019-03,0,18,Health and beauty,29.67,7,218.0745,8.1
319,C,2019-02,0,16,Health and beauty,44.07,4,185.09400000000002,8.4
320,C,2019-02,1,20,Food and beverages,22.93,9,216.6885,5.5
321,C,2019-01,4,15,Health and beauty,39.42,1,41.391000000000005,8.4
322,A,2019-02,4,18,Health and beauty,15.26,6,96.13799999999999,9.8
323,A,2019-03,4,13,Fashion accessories,61.77,5,324.2925,6.7
324,A,2019-01,3,12,Home and lifestyle,21.52,6,135.576,9.4
325,B,2019-03,1,19,Sports and travel,97.74,4,410.50800000000004,6.4
326,A,2019-03,5,19,Food and beverages,99.78,5,523.845,5.4
327,C,2019-03,1,16,Food and beverages,94.26,4,395.892,8.6
328,B,2019-01,4,10,Health and beauty,51.13,4,214.74599999999998,4.0
329,A,2019-03,0,13,Electronic accessories,36.36,4,152.71200000000002,7.6
330,B,2019-02,3,18,Home and lifestyle,22.02,9,208.08900000000003,6.8
331,A,2019-02,6,17,Food and beverages,32.9,3,103.635,9.1
332,A,2019-02,6,15,Fashion accessories,77.02,5,404.355,5.5
333,A,2019-03,3,11,Food and beverages,23.48,2,49.308,7.9
334,C,2019-03,6,13,Sports and travel,14.7,5,77.175,8.5
335,A,2019-03,3,10,Electronic accessories,28.45,5,149.3625,9.1
336,A,2019-03,1,15,Fashion accessories,76.4,9,721.98,7.5
337,B,2019-02,6,13,Sports and travel,57.95,6,365.085,5.2
338,C,2019-03,3,12,Electronic accessories,47.65,3,150.0975,9.5
339,B,2019-02,1,15,Food and beverages,42.82,9,404.649,8.9
340,B,2019-02,6,18,Electronic accessories,48.09,3,151.4835,7.8
341,B,2019-03,1,19,Health and beauty,55.97,7,411.3795,8.9
342,B,2019-02,4,20,Health and beauty,76.9,7,565.215,7.7
343,C,2019-01,2,16,Food and beverages,97.03,5,509.4075,9.3
344,A,2019-02,3,15,Sports and travel,44.65,3,140.6475,6.2
345,A,2019-02,2,16,Fashion accessories,77.93,9,736.4385,7.6
346,A,2019-02,0,12,Electronic accessories,71.95,1,75.5475,7.3
347,C,2019-01,6,10,Home and lifestyle,89.25,8,749.7,4.7
348,A,2019-03,3,17,Electronic accessories,26.02,7,191.247,5.1
349,B,2019-02,2,11,Health and beauty,13.5,10,141.75,4.8
350,C,2019-02,4,14,Fashion accessories,99.3,10,1042.65,6.6
351,A,2019-01,5,18,Electronic accessories,51.69,7,379.9215,5.5
352,B,2019-03,3,19,Fashion accessories,54.73,7,402.2655,8.5
353,B,2019-03,5,14,Home and lifestyle,27.0,9,255.15,4.8
354,C,2019-03,0,15,Electronic accessories,30.24,1,31.752,8.4
355,B,2019-01,0,12,Food and beverages,89.14,4,374.38800000000003,7.8
356,C,2019-03,4,20,Fashion accessories,37.55,10,394.275,9.3
357,C,2019-01,2,13,Sports and travel,95.44,10,1002.12,5.2
358,B,2019-03,4,15,Electronic accessories,27.5,3,86.625,6.5
359,B,2019-03,5,16,Sports and travel,74.97,1,78.7185,5.6
360,A,2019-02,6,11,Food and beverages,80.96,8,680.064,7.4
361,C,2019-02,2,15,Food and beverages,94.47,8,793.548,9.1
362,C,2019-03,3,20,Food and beverages,99.79,2,209.55900000000003,8.0
363,A,2019-01,0,17,Home and lifestyle,73.22,6,461.286,7.2
364,C,2019-02,1,16,Food and beverages,41.24,4,173.208,7.1
365,C,2019-01,6,12,Fashion accessories,81.68,4,343.056,9.1
366,C,2019-03,3,19,Electronic accessories,51.32,9,484.974,5.6
367,A,2019-03,6,10,Home and lifestyle,65.94,4,276.948,6.0
368,C,2019-01,6,14,Sports and travel,14.36,10,150.78,5.4
369,A,2019-03,2,12,Electronic accessories,21.5,9,203.175,7.8
370,B,2019-02,5,19,Electronic accessories,26.26,7,193.011,9.9
371,B,2019-01,4,19,Fashion accessories,60.96,2,128.016,4.9
372,C,2019-03,3,17,Home and lifestyle,70.11,6,441.69300000000004,5.2
373,C,2019-01,1,12,Fashion accessories,42.08,6,265.10400000000004,8.9
374,A,2019-01,3,16,Home and lifestyle,67.09,5,352.2225,9.1
375,A,2019-01,0,12,Fashion accessories,96.7,5,507.675,7.0
376,B,2019-01,5,19,Home and lifestyle,35.38,9,334.341,9.6
377,C,2019-02,4,18,Sports and travel,95.49,7,701.8515,8.7
378,C,2019-02,2,17,Fashion accessories,96.98,4,407.316,9.4
379,B,2019-01,2,13,Electronic accessories,23.65,4,99.33,4.0
380,A,2019-01,4,10,Sports and travel,82.33,4,345.786,7.5
381,C,2019-03,1,14,Electronic accessories,26.61,2,55.881,4.2
382,B,2019-01,0,12,Food and beverages,99.69,5,523.3725,9.9
383,C,2019-03,4,15,Food and beverages,74.89,4,314.538,4.2
384,A,2019-01,6,13,Food and beverages,40.94,5,214.935,9.9
385,B,2019-01,3,13,Sports and travel,75.82,1,79.611,5.8
386,C,2019-03,0,13,Food and beverages,46.77,6,294.651,6.0
387,A,2019-02,2,16,Health and beauty,32.32,10,339.36,10.0
388,C,2019-01,6,14,Fashion accessories,54.07,9,510.9615,9.5
389,B,2019-03,6,14,Food and beverages,18.22,7,133.917,6.6
390,C,2019-02,4,12,Fashion accessories,80.48,3,253.512,8.1
391,B,2019-01,5,14,Fashion accessories,37.95,10,398.475,9.7
392,A,2019-02,2,18,Electronic accessories,76.82,1,80.661,7.2
393,A,2019-03,5,12,Sports and travel,52.26,10,548.73,6.2
394,A,2019-03,2,10,Health and beauty,79.74,1,83.727,7.3
395,A,2019-01,3,20,Health and beauty,77.5,5,406.875,4.3
396,A,2019-03,2,14,Food and beverages,54.27,5,284.9175,4.6
397,B,2019-03,4,10,Home and lifestyle,13.59,9,128.4255,5.8
398,B,2019-03,1,13,Health and beauty,41.06,6,258.678,8.3
399,B,2019-03,0,16,Electronic accessories,19.24,9,181.81799999999998,8.0
400,C,2019-03,0,20,Food and beverages,39.43,6,248.40900000000002,9.4
401,C,2019-03,1,20,Home and lifestyle,46.22,4,194.12400000000002,6.2
402,C,2019-02,0,13,Home and lifestyle,13.98,1,14.679,9.8
403,B,2019-02,4,10,Fashion accessories,39.75,5,208.6875,9.6
404,C,2019-02,5,17,Fashion accessories,97.79,7,718.7565,4.9
405,A,2019-01,5,15,Sports and travel,67.26,4,282.492,8.0
406,A,2019-01,4,19,Food and beverages,13.79,5,72.3975,7.8
407,B,2019-01,4,19,Fashion accessories,68.71,4,288.582,4.1
408,A,2019-03,0,19,Home and lifestyle,56.53,4,237.426,5.5
409,C,2019-01,0,19,Fashion accessories,23.82,5,125.055,5.4
410,B,2019-01,2,13,Health and beauty,34.21,10,359.205,5.1
411,B,2019-01,4,14,Sports and travel,21.87,2,45.927,6.9
412,A,2019-01,4,13,Health and beauty,20.97,5,110.0925,7.8
413,A,2019-03,6,18,Sports and travel,25.84,3,81.396,6.6
414,A,2019-03,4,19,Home and lifestyle,50.93,8,427.81199999999995,9.2
415,B,2019-01,4,16,Health and beauty,96.11,1,100.9155,7.8
416,C,2019-01,1,13,Home and lifestyle,45.38,4,190.59599999999998,8.7
417,C,2019-01,1,10,Health and beauty,81.51,1,85.5855,9.2
418,B,2019-01,5,17,Health and beauty,57.22,2,120.162,8.3
419,A,2019-02,0,10,Electronic accessories,25.22,7,185.36700000000002,8.2
420,C,2019-03,3,13,Food and beverages,38.6,3,121.59,7.5
421,C,2019-01,2,13,Electronic accessories,84.05,3,264.7575,9.8
422,C,2019-02,4,13,Fashion accessories,97.21,10,1020.705,8.7
423,B,2019-03,1,19,Fashion accessories,25.42,8,213.528,6.7
424,C,2019-03,5,15,Fashion accessories,16.28,1,17.094,5.0
425,B,2019-01,2,13,Fashion accessories,40.61,9,383.7645,7.0
426,A,2019-01,0,18,Health and beauty,53.17,7,390.7995,8.9
427,B,2019-03,2,13,Food and beverages,20.87,3,65.7405,8.0
428,B,2019-02,2,17,Sports and travel,67.27,5,353.1675,6.9
429,A,2019-03,4,10,Home and lifestyle,90.65,10,951.825,7.3
430,B,2019-01,3,19,Fashion accessories,69.08,2,145.06799999999998,6.9
431,C,2019-03,4,16,Food and beverages,43.27,2,90.867,5.7
432,A,2019-01,6,19,Electronic accessories,23.46,6,147.798,6.4
433,B,2019-03,5,14,Fashion accessories,95.54,7,702.2189999999999,9.6
434,B,2019-02,4,18,Fashion accessories,47.44,1,49.812,6.8
435,C,2019-03,1,19,Sports and travel,99.24,9,937.818,9.0
436,C,2019-01,6,16,Sports and travel,82.93,4,348.306,9.6
437,A,2019-03,4,15,Home and lifestyle,33.99,6,214.137,7.7
438,C,2019-03,4,20,Food and beverages,17.04,4,71.568,7.0
439,C,2019-02,3,14,Electronic accessories,40.86,8,343.224,6.5
440,C,2019-01,1,19,Food and beverages,17.44,5,91.56,8.1
441,B,2019-03,4,19,Sports and travel,88.43,8,742.812,4.3
442,A,2019-01,1,15,Home and lifestyle,89.21,9,843.0345,6.5
443,C,2019-01,1,14,Fashion accessories,12.78,1,13.419,9.5
444,A,2019-01,1,10,Sports and travel,19.1,7,140.385,9.7
445,B,2019-01,0,17,Health and beauty,19.15,1,20.1075,9.5
446,C,2019-02,3,11,Food and beverages,27.66,10,290.43,8.9
447,C,2019-03,6,17,Fashion accessories,45.74,3,144.08100000000002,6.5
448,B,2019-01,5,20,Health and beauty,27.07,1,28.4235,5.3
449,B,2019-03,1,11,Sports and travel,39.12,1,41.076,9.6
450,B,2019-01,1,19,Electronic accessories,74.71,6,470.673,6.7
451,B,2019-01,2,18,Electronic accessories,22.01,6,138.66299999999998,7.6
452,A,2019-03,5,12,Food and beverages,63.61,5,333.9525,4.8
453,A,2019-03,6,15,Health and beauty,25.0,1,26.25,5.5
454,A,2019-01,3,13,Electronic accessories,20.77,4,87.234,4.7
455,B,2019-02,2,16,Fashion accessories,29.56,5,155.19,6.9
456,B,2019-02,4,14,Food and beverages,77.4,9,731.43,4.5
457,B,2019-02,3,20,Electronic accessories,79.39,10,833.595,6.2
458,C,2019-01,6,13,Electronic accessories,46.57,10,488.985,7.6
459,C,2019-02,5,16,Food and beverages,35.89,1,37.6845,7.9
460,C,2019-02,6,15,Food and beverages,40.52,5,212.73,4.5
461,B,2019-03,6,12,Food and beverages,73.05,10,767.025,8.7
462,C,2019-02,6,10,Sports and travel,73.95,4,310.59,6.1
463,C,2019-03,6,18,Food and beverages,22.62,1,23.750999999999998,6.4
464,A,2019-03,3,15,Food and beverages,51.34,5,269.535,9.1
465,C,2019-03,5,11,Sports and travel,54.55,10,572.775,7.1
466,C,2019-02,4,13,Health and beauty,37.15,7,273.0525,7.7
467,B,2019-03,4,18,Sports and travel,37.02,6,233.226,4.5
468,C,2019-02,5,10,Food and beverages,21.58,1,22.659000000000002,7.2
469,C,2019-02,4,11,Electronic accessories,98.84,1,103.78200000000001,8.4
470,C,2019-01,2,12,Home and lifestyle,83.77,6,527.751,5.4
471,A,2019-01,4,11,Sports and travel,40.05,4,168.21,9.7
472,A,2019-02,5,18,Fashion accessories,43.13,10,452.865,5.5
473,B,2019-03,5,17,Health and beauty,72.57,8,609.5880000000001,4.6
474,A,2019-03,5,17,Electronic accessories,64.44,5,338.31,6.6
475,A,2019-02,0,20,Health and beauty,65.18,3,205.317,6.3
476,A,2019-03,0,16,Sports and travel,33.26,5,174.615,4.2
477,C,2019-03,3,16,Electronic accessories,84.07,4,353.094,4.4
478,B,2019-03,5,10,Sports and travel,34.37,10,360.885,6.7
479,A,2019-01,1,11,Electronic accessories,38.6,1,40.53,6.7
480,C,2019-02,5,20,Food and beverages,65.97,8,554.148,8.4
481,C,2019-02,4,12,Electronic accessories,32.8,10,344.4,6.2
482,A,2019-01,1,13,Sports and travel,37.14,5,194.985,5.0
483,B,2019-02,1,16,Home and lifestyle,60.38,10,633.99,6.0
484,C,2019-01,1,19,Sports and travel,36.98,10,388.29,7.0
485,B,2019-03,3,15,Sports and travel,49.49,4,207.858,6.6
486,B,2019-02,3,14,Fashion accessories,41.09,10,431.445,7.3
487,A,2019-03,5,18,Fashion accessories,37.15,4,156.03,8.3
488,C,2019-01,2,20,Home and lifestyle,22.96,1,24.108,4.3
489,B,2019-02,0,13,Home and lifestyle,77.68,9,734.076,9.8
490,B,2019-03,2,19,Fashion accessories,34.7,2,72.87,8.2
491,A,2019-03,4,18,Fashion accessories,19.66,10,206.43,7.2
492,B,2019-03,1,20,Health and beauty,25.32,8,212.688,8.7
493,C,2019-03,1,13,Home and lifestyle,12.12,10,127.26,8.4
494,B,2019-02,1,11,Fashion accessories,99.89,2,209.769,7.1
495,B,2019-03,2,14,Sports and travel,75.92,8,637.7280000000001,5.5
496,C,2019-01,1,15,Electronic accessories,63.22,2,132.762,8.5
497,C,2019-01,6,11,Food and beverages,90.24,6,568.512,6.2
498,B,2019-01,0,17,Sports and travel,98.13,1,103.0365,8.9
499,A,2019-02,5,15,Sports and travel,51.52,8,432.76800000000003,9.6
500,B,2019-02,6,15,Sports and travel,73.97,1,77.6685,5.4
501,C,2019-01,5,12,Fashion accessories,31.9,1,33.495,9.1
502,C,2019-01,6,19,Home and lifestyle,69.4,2,145.74,9.0
503,B,2019-03,0,17,Sports and travel,93.31,2,195.951,6.3
504,B,2019-02,0,16,Sports and travel,88.45,1,92.8725,9.5
505,A,2019-01,0,20,Electronic accessories,24.18,8,203.112,9.8
506,B,2019-01,1,12,Sports and travel,48.5,3,152.775,6.7
507,B,2019-01,1,10,Food and beverages,84.05,6,529.515,7.7
508,B,2019-03,4,14,Health and beauty,61.29,5,321.7725,7.0
509,C,2019-02,5,17,Home and lifestyle,15.95,6,100.485,5.1
510,B,2019-01,2,18,Sports and travel,90.74,7,666.939,6.2
511,A,2019-01,5,17,Home and lifestyle,42.91,5,225.2775,6.1
512,A,2019-01,6,18,Fashion accessories,54.28,7,398.958,9.3
513,A,2019-03,3,12,Electronic accessories,99.55,7,731.6925,7.6
514,C,2019-02,5,19,Sports and travel,58.39,7,429.1665,8.2
515,C,2019-03,0,15,Fashion accessories,51.47,1,54.0435,8.5
516,B,2019-03,4,16,Health and beauty,54.86,5,288.015,9.8
517,C,2019-01,1,20,Home and lifestyle,39.39,5,206.7975,8.7
518,A,2019-03,4,18,Home and lifestyle,34.73,2,72.933,9.7
519,C,2019-01,3,15,Sports and travel,71.92,5,377.58,4.3
520,B,2019-03,1,10,Electronic accessories,45.71,3,143.9865,7.7
521,C,2019-03,2,11,Home and lifestyle,83.17,6,523.971,7.3
522,A,2019-02,2,13,Home and lifestyle,37.44,6,235.872,5.9
523,C,2019-01,1,11,Health and beauty,62.87,2,132.02700000000002,5.0
524,A,2019-01,6,14,Food and beverages,81.71,6,514.773,8.0
525,A,2019-02,0,16,Sports and travel,91.41,5,479.9025,7.1
526,B,2019-01,2,20,Fashion accessories,39.21,4,164.68200000000002,9.0
527,B,2019-01,6,14,Fashion accessories,59.86,2,125.706,6.7
528,B,2019-02,3,11,Food and beverages,54.36,10,570.78,6.1
529,A,2019-02,6,19,Sports and travel,98.09,9,926.9505,9.3
530,A,2019-02,1,19,Health and beauty,25.43,6,160.209,7.0
531,A,2019-01,3,18,Fashion accessories,86.68,8,728.112,7.2
532,B,2019-02,2,19,Electronic accessories,22.95,10,240.975,8.2
533,C,2019-03,1,10,Food and beverages,16.31,9,154.1295,8.4
534,A,2019-03,0,13,Home and lifestyle,28.32,5,148.68,6.2
535,C,2019-02,3,11,Home and lifestyle,16.67,7,122.5245,7.4
536,B,2019-01,5,11,Fashion accessories,73.96,1,77.658,5.0
537,A,2019-03,3,11,Home and lifestyle,97.94,1,102.837,6.9
538,A,2019-02,0,17,Fashion accessories,73.05,4,306.81,4.9
539,C,2019-02,4,18,Food and beverages,87.48,6,551.124,5.1
540,A,2019-01,1,11,Home and lifestyle,30.68,3,96.64200000000001,9.1
541,C,2019-01,3,10,Health and beauty,75.88,1,79.67399999999999,7.1
542,B,2019-02,2,12,Sports and travel,20.18,4,84.756,5.0
543,C,2019-01,0,16,Electronic accessories,18.77,6,118.251,5.5
544,B,2019-01,5,20,Food and beverages,71.2,1,74.76,9.2
545,B,2019-03,1,13,Home and lifestyle,38.81,4,163.002,4.9
546,A,2019-01,5,16,Fashion accessories,29.42,10,308.91,8.9
547,A,2019-01,0,12,Sports and travel,60.95,9,575.9775,6.0
548,B,2019-01,5,17,Sports and travel,51.54,5,270.585,4.2
549,A,2019-01,2,10,Electronic accessories,66.06,6,416.17800000000005,7.3
550,B,2019-02,5,20,Fashion accessories,57.27,3,180.4005,6.5
551,B,2019-02,4,10,Fashion accessories,54.31,9,513.2295,8.9
552,B,2019-02,1,12,Health and beauty,58.24,9,550.368,9.7
553,C,2019-03,3,10,Electronic accessories,22.21,6,139.923,8.6
554,A,2019-03,0,18,Electronic accessories,19.32,7,142.002,6.9
555,B,2019-01,6,13,Home and lifestyle,37.48,3,118.06200000000001,7.7
556,B,2019-02,0,19,Fashion accessories,72.04,2,151.284,9.5
557,C,2019-01,2,20,Food and beverages,98.52,10,1034.46,4.5
558,A,2019-01,2,15,Food and beverages,41.66,6,262.45799999999997,5.6
559,A,2019-03,4,16,Home and lifestyle,72.42,3,228.123,8.2
560,B,2019-03,3,12,Electronic accessories,21.58,9,203.93099999999998,7.3
561,C,2019-02,0,15,Food and beverages,89.2,10,936.6,4.4
562,B,2019-01,2,13,Electronic accessories,42.42,8,356.32800000000003,5.7
563,A,2019-03,2,15,Electronic accessories,74.51,6,469.413,5.0
564,B,2019-03,2,13,Fashion accessories,99.25,2,208.425,9.0
565,A,2019-01,3,13,Food and beverages,81.21,10,852.705,6.3
566,C,2019-02,6,16,Sports and travel,49.33,10,517.965,9.4
567,A,2019-01,1,13,Fashion accessories,65.74,9,621.243,7.7
568,B,2019-01,3,10,Fashion accessories,79.86,7,586.971,5.5
569,C,2019-03,5,16,Sports and travel,73.98,7,543.753,4.1
570,B,2019-02,0,17,Home and lifestyle,82.04,5,430.71,7.6
571,B,2019-01,1,11,Sports and travel,26.67,10,280.035,8.6
572,A,2019-03,6,19,Food and beverages,10.13,7,74.4555,8.3
573,B,2019-01,6,19,Food and beverages,72.39,2,152.019,8.1
574,A,2019-03,4,14,Sports and travel,85.91,5,451.0275,8.6
575,B,2019-03,4,19,Fashion accessories,81.31,7,597.6285,6.3
576,B,2019-02,2,18,Food and beverages,60.3,4,253.26,5.8
577,C,2019-01,0,14,Food and beverages,31.77,4,133.434,6.2
578,A,2019-03,1,13,Health and beauty,64.27,4,269.934,7.7
579,B,2019-03,4,12,Health and beauty,69.51,2,145.971,8.1
580,C,2019-01,0,12,Food and beverages,27.22,3,85.743,7.3
581,A,2019-02,4,19,Health and beauty,77.68,4,326.256,8.4
582,C,2019-02,2,15,Fashion accessories,92.98,2,195.25799999999998,8.0
583,B,2019-01,0,18,Fashion accessories,18.08,4,75.936,9.5
584,B,2019-01,5,15,Sports and travel,63.06,3,198.639,7.0
585,A,2019-03,5,13,Health and beauty,51.71,4,217.18200000000002,9.8
586,A,2019-03,2,14,Food and beverages,52.34,3,164.87099999999998,9.2
587,A,2019-02,0,16,Sports and travel,43.06,5,226.065,7.7
588,C,2019-03,3,11,Fashion accessories,59.61,10,625.905,5.3
589,A,2019-03,0,12,Health and beauty,14.62,5,76.755,4.4
590,C,2019-03,6,10,Health and beauty,46.53,6,293.139,4.3
591,C,2019-01,6,17,Home and lifestyle,24.24,7,178.16400000000002,9.4
592,A,2019-02,3,14,Sports and travel,45.58,1,47.858999999999995,9.8
593,A,2019-02,1,11,Sports and travel,75.2,3,236.88,4.8
594,B,2019-03,4,13,Sports and travel,96.8,3,304.92,5.3
595,B,2019-03,4,11,Health and beauty,14.82,3,46.683,8.7
596,A,2019-02,4,13,Food and beverages,52.2,3,164.43,9.5
597,C,2019-02,6,19,Sports and travel,46.66,9,440.93699999999995,5.3
598,C,2019-01,5,18,Fashion accessories,36.85,5,193.4625,9.2
599,A,2019-03,6,14,Home and lifestyle,70.32,2,147.672,9.6
600,C,2019-01,2,17,Electronic accessories,83.08,1,87.234,6.4
601,C,2019-01,5,10,Fashion accessories,64.99,1,68.2395,4.5
602,C,2019-03,3,20,Food and beverages,77.56,10,814.38,6.9
603,B,2019-03,6,13,Sports and travel,54.51,6,343.413,7.8
604,C,2019-01,1,20,Fashion accessories,51.89,7,381.3915,4.5
605,B,2019-02,4,15,Home and lifestyle,31.75,4,133.35,8.6
606,A,2019-02,6,12,Fashion accessories,53.65,7,394.3275,5.2
607,C,2019-03,3,19,Food and beverages,49.79,4,209.118,6.4
608,A,2019-01,2,12,Fashion accessories,30.61,1,32.1405,5.2
609,B,2019-01,3,10,Food and beverages,57.89,2,121.569,8.9
610,A,2019-02,3,10,Electronic accessories,28.96,1,30.408,6.2
611,C,2019-03,5,11,Food and beverages,98.97,9,935.2665,6.7
612,B,2019-01,3,11,Fashion accessories,93.22,3,293.643,7.2
613,C,2019-01,5,16,Sports and travel,80.93,1,84.9765,9.0
614,A,2019-02,6,11,Food and beverages,67.45,10,708.225,4.2
615,A,2019-03,2,12,Sports and travel,38.72,9,365.904,4.2
616,B,2019-01,6,19,Sports and travel,72.6,6,457.38,6.9
617,C,2019-03,3,18,Electronic accessories,87.91,5,461.5275,4.4
618,A,2019-01,2,11,Food and beverages,98.53,6,620.739,4.0
619,C,2019-02,3,17,Fashion accessories,43.46,6,273.798,8.5
620,A,2019-03,3,15,Food and beverages,71.68,3,225.792,9.2
621,A,2019-03,2,19,Food and beverages,91.61,1,96.1905,9.8
622,B,2019-01,3,15,Home and lifestyle,94.59,7,695.2365,4.9
623,B,2019-01,5,11,Fashion accessories,83.25,10,874.125,4.4
624,B,2019-02,5,15,Fashion accessories,91.35,1,95.9175,6.8
625,B,2019-01,5,16,Food and beverages,78.88,2,165.648,9.1
626,A,2019-03,5,12,Sports and travel,60.87,2,127.82700000000001,8.7
627,B,2019-03,3,14,Health and beauty,82.58,10,867.09,5.0
628,A,2019-01,4,14,Home and lifestyle,53.3,3,167.895,7.5
629,A,2019-01,5,18,Fashion accessories,12.09,1,12.6945,8.2
630,A,2019-01,5,14,Sports and travel,64.19,10,673.995,6.7
631,A,2019-03,1,16,Electronic accessories,78.31,3,246.6765,5.4
632,A,2019-01,1,10,Food and beverages,83.77,2,175.917,7.0
633,B,2019-03,0,11,Home and lifestyle,99.7,3,314.055,4.7
634,B,2019-03,2,19,Food and beverages,79.91,3,251.7165,5.0
635,B,2019-01,1,15,Health and beauty,66.47,10,697.935,5.0
636,A,2019-03,6,20,Health and beauty,28.95,7,212.7825,6.0
637,C,2019-03,1,12,Electronic accessories,46.2,1,48.51,6.3
638,B,2019-03,4,15,Food and beverages,17.63,5,92.5575,8.5
639,B,2019-02,2,17,Fashion accessories,52.42,3,165.123,7.5
640,B,2019-02,5,20,Food and beverages,98.79,3,311.1885,6.4
641,C,2019-03,1,15,Electronic accessories,88.55,8,743.82,4.7
642,B,2019-03,2,15,Electronic accessories,55.67,2,116.90700000000001,6.0
643,C,2019-03,5,19,Food and beverages,72.52,8,609.168,4.0
644,C,2019-02,5,15,Electronic accessories,12.05,5,63.2625,5.5
645,A,2019-01,4,18,Home and lifestyle,19.36,9,182.952,8.7
646,C,2019-03,5,14,Health and beauty,70.21,6,442.32300000000004,7.4
647,B,2019-03,2,19,Fashion accessories,33.63,1,35.3115,5.6
648,C,2019-01,2,15,Sports and travel,15.49,2,32.529,6.3
649,C,2019-02,6,16,Electronic accessories,24.74,10,259.77,7.1
650,B,2019-01,1,18,Electronic accessories,75.66,5,397.215,7.8
651,B,2019-01,1,11,Health and beauty,55.81,6,351.603,9.9
652,A,2019-02,6,17,Home and lifestyle,72.78,10,764.19,7.3
653,B,2019-03,2,15,Sports and travel,37.32,9,352.67400000000004,5.1
654,B,2019-02,5,18,Fashion accessories,60.18,4,252.75599999999997,9.4
655,A,2019-03,3,14,Electronic accessories,15.69,3,49.4235,5.8
656,C,2019-02,2,10,Electronic accessories,99.69,1,104.6745,8.0
657,A,2019-01,4,10,Fashion accessories,88.15,3,277.6725,7.9
658,A,2019-01,1,15,Sports and travel,27.93,5,146.6325,5.9
659,A,2019-02,1,17,Fashion accessories,55.45,1,58.2225,4.9
660,B,2019-02,6,11,Sports and travel,42.97,3,135.3555,9.3
661,C,2019-01,2,12,Sports and travel,17.14,7,125.979,7.9
662,B,2019-03,6,18,Fashion accessories,58.75,6,370.125,5.9
663,C,2019-02,1,14,Food and beverages,87.1,10,914.55,9.9
664,C,2019-02,3,11,Sports and travel,98.8,2,207.48,7.7
665,A,2019-02,0,15,Fashion accessories,48.63,4,204.24599999999998,7.6
666,B,2019-02,2,13,Food and beverages,57.74,3,181.88099999999997,7.7
667,B,2019-02,5,20,Health and beauty,17.97,4,75.47399999999999,6.4
668,C,2019-02,5,14,Health and beauty,47.71,6,300.573,4.4
669,B,2019-01,3,10,Sports and travel,40.62,2,85.302,4.1
670,A,2019-01,0,19,Fashion accessories,56.04,10,588.42,4.4
671,B,2019-03,5,16,Food and beverages,93.4,2,196.14,5.5
672,B,2019-03,5,13,Health and beauty,73.41,3,231.2415,4.0
673,C,2019-02,4,17,Health and beauty,33.64,8,282.57599999999996,9.3
674,A,2019-03,4,10,Electronic accessories,45.48,10,477.54,4.8
675,B,2019-02,6,19,Fashion accessories,83.77,2,175.917,4.6
676,B,2019-02,1,19,Sports and travel,64.08,7,470.98800000000006,7.3
677,A,2019-02,5,18,Food and beverages,73.47,4,308.574,6.0
678,C,2019-02,3,14,Health and beauty,58.95,10,618.975,8.1
679,A,2019-01,4,13,Food and beverages,48.5,6,305.55,9.4
680,B,2019-02,1,19,Electronic accessories,39.48,1,41.45399999999999,6.5
681,B,2019-01,0,10,Sports and travel,34.81,1,36.5505,7.0
682,C,2019-01,2,13,Fashion accessories,49.32,6,310.716,7.1
683,A,2019-02,2,12,Fashion accessories,21.48,2,45.108000000000004,6.6
684,B,2019-01,3,19,Sports and travel,23.08,6,145.404,4.9
685,B,2019-01,1,12,Home and lifestyle,49.1,2,103.11,6.4
686,B,2019-01,1,11,Sports and travel,64.83,2,136.143,8.0
687,A,2019-01,2,17,Home and lifestyle,63.56,10,667.38,4.3
688,C,2019-03,2,12,Sports and travel,72.88,2,153.048,6.1
689,A,2019-02,4,10,Food and beverages,67.1,3,211.365,7.5
690,C,2019-01,4,13,Sports and travel,70.19,9,663.2955,6.7
691,C,2019-03,1,19,Food and beverages,55.04,7,404.54400000000004,5.2
692,A,2019-03,0,12,Health and beauty,48.63,10,510.615,8.8
693,C,2019-02,6,13,Fashion accessories,73.38,7,539.3430000000001,9.5
694,C,2019-01,2,14,Food and beverages,52.6,9,497.07,7.6
695,A,2019-01,1,19,Home and lifestyle,87.37,5,458.6925,6.6
696,A,2019-01,1,20,Sports and travel,27.04,4,113.568,6.9
697,B,2019-01,6,19,Home and lifestyle,62.19,4,261.198,4.3
698,A,2019-02,1,19,Electronic accessories,69.58,9,657.5310000000001,7.8
699,C,2019-01,5,16,Home and lifestyle,97.5,10,1023.75,8.0
700,C,2019-02,3,12,Fashion accessories,60.41,8,507.444,9.6
701,B,2019-03,2,19,Food and beverages,32.32,3,101.80799999999999,4.3
702,B,2019-02,2,18,Fashion accessories,19.77,10,207.585,5.0
703,B,2019-01,6,11,Health and beauty,80.47,9,760.4415,9.2
704,B,2019-03,5,12,Home and lifestyle,88.39,9,835.2855,6.3
705,B,2019-03,4,14,Health and beauty,71.77,7,527.5095,8.9
706,B,2019-01,3,20,Electronic accessories,43.0,4,180.6,7.6
707,C,2019-01,0,20,Food and beverages,68.98,1,72.429,4.8
708,C,2019-01,6,20,Fashion accessories,15.62,8,131.208,9.1
709,A,2019-01,3,17,Sports and travel,25.7,3,80.955,6.1
710,A,2019-02,3,20,Food and beverages,80.62,6,507.906,9.1
711,C,2019-03,1,15,Home and lifestyle,75.53,4,317.226,8.3
712,C,2019-02,1,15,Electronic accessories,77.63,9,733.6035,7.2
713,C,2019-02,0,12,Health and beauty,13.85,9,130.8825,6.0
714,C,2019-01,3,10,Fashion accessories,98.7,8,829.08,8.5
715,A,2019-02,2,18,Health and beauty,35.68,5,187.32,6.6
716,A,2019-03,3,16,Fashion accessories,71.46,7,525.231,4.5
717,A,2019-01,5,12,Electronic accessories,11.94,3,37.611,8.1
718,A,2019-02,6,13,Fashion accessories,45.38,3,142.947,7.2
719,B,2019-01,4,15,Fashion accessories,17.48,6,110.124,6.1
720,B,2019-02,5,20,Fashion accessories,25.56,7,187.86599999999999,7.1
721,C,2019-01,4,15,Sports and travel,90.63,9,856.4535,5.1
722,B,2019-03,0,13,Home and lifestyle,44.12,3,138.97799999999998,7.9
723,C,2019-01,4,20,Food and beverages,36.77,7,270.2595,7.4
724,B,2019-02,0,18,Food and beverages,23.34,4,98.02799999999999,7.4
725,C,2019-02,2,14,Health and beauty,28.5,8,239.4,6.6
726,C,2019-01,1,11,Home and lifestyle,55.57,3,175.0455,5.9
727,B,2019-03,1,17,Sports and travel,69.74,10,732.27,8.9
728,C,2019-03,5,15,Fashion accessories,97.26,4,408.49199999999996,6.8
729,B,2019-03,5,10,Home and lifestyle,52.18,7,383.523,9.3
730,A,2019-03,4,16,Fashion accessories,22.32,4,93.744,4.4
731,A,2019-02,3,19,Health and beauty,56.0,3,176.4,4.8
732,A,2019-02,4,11,Fashion accessories,19.7,1,20.685,9.5
733,B,2019-01,3,10,Electronic accessories,75.88,7,557.7180000000001,8.9
734,B,2019-03,4,20,Food and beverages,53.72,1,56.406000000000006,6.4
735,C,2019-03,6,12,Health and beauty,81.95,10,860.475,6.0
736,C,2019-03,5,15,Home and lifestyle,81.2,7,596.82,8.1
737,C,2019-01,1,14,Electronic accessories,58.76,10,616.98,9.0
738,B,2019-01,5,18,Electronic accessories,91.56,8,769.1039999999999,6.0
739,A,2019-03,2,11,Home and lifestyle,93.96,9,887.922,9.8
740,C,2019-03,5,12,Home and lifestyle,55.61,7,408.7335,8.5
741,C,2019-01,0,15,Food and beverages,84.83,1,89.0715,8.8
742,A,2019-02,1,14,Sports and travel,71.63,2,150.423,8.8
743,A,2019-02,2,15,Home and lifestyle,37.69,2,79.149,9.5
744,C,2019-01,2,16,Sports and travel,31.67,8,266.028,5.6
745,C,2019-02,5,16,Food and beverages,38.42,1,40.341,8.6
746,B,2019-01,1,19,Fashion accessories,65.23,10,684.915,5.2
747,C,2019-01,2,14,Home and lifestyle,10.53,5,55.2825,5.8
748,B,2019-03,1,19,Home and lifestyle,12.29,9,116.1405,8.0
749,C,2019-01,1,20,Health and beauty,81.23,7,597.0405,9.0
750,B,2019-03,3,11,Fashion accessories,22.32,4,93.744,4.1
751,A,2019-02,6,10,Food and beverages,27.28,5,143.22,8.6
752,A,2019-02,4,12,Electronic accessories,17.42,10,182.91,7.0
753,B,2019-01,3,15,Home and lifestyle,73.28,5,384.72,8.4
754,C,2019-01,4,18,Fashion accessories,84.87,3,267.3405,7.4
755,A,2019-03,5,13,Fashion accessories,97.29,8,817.2360000000001,6.2
756,B,2019-02,6,15,Electronic accessories,35.74,8,300.216,4.9
757,A,2019-01,4,11,Home and lifestyle,96.52,6,608.076,4.5
758,A,2019-02,2,18,Food and beverages,18.85,10,197.925,5.6
759,A,2019-03,0,15,Food and beverages,55.39,4,232.638,8.0
760,B,2019-02,0,10,Food and beverages,77.2,10,810.6,5.6
761,B,2019-01,3,15,Electronic accessories,72.13,10,757.365,4.2
762,A,2019-01,6,17,Fashion accessories,63.88,8,536.592,9.9
763,A,2019-03,1,11,Health and beauty,10.69,5,56.1225,7.6
764,A,2019-01,6,15,Health and beauty,55.5,4,233.1,6.6
765,B,2019-03,1,19,Home and lifestyle,95.46,8,801.8639999999999,4.7
766,C,2019-01,5,20,Fashion accessories,76.06,3,239.58900000000003,9.8
767,B,2019-02,2,13,Sports and travel,13.69,6,86.24700000000001,6.3
768,B,2019-03,5,18,Electronic accessories,95.64,4,401.68800000000005,7.9
769,A,2019-01,1,17,Home and lifestyle,11.43,6,72.009,7.7
770,B,2019-02,1,11,Sports and travel,95.54,4,401.26800000000003,4.5
771,C,2019-02,2,19,Health and beauty,85.87,7,631.1445,8.0
772,C,2019-02,6,16,Sports and travel,67.99,7,499.7265,5.7
773,C,2019-02,2,10,Food and beverages,52.42,1,55.041000000000004,6.3
774,C,2019-01,3,16,Food and beverages,65.65,2,137.865,6.0
775,B,2019-01,1,18,Food and beverages,28.86,5,151.515,8.0
776,C,2019-03,1,18,Health and beauty,65.31,7,480.0285,4.2
777,B,2019-01,3,13,Sports and travel,93.38,1,98.04899999999999,9.6
778,C,2019-03,2,17,Sports and travel,25.25,5,132.5625,6.1
779,B,2019-01,3,20,Electronic accessories,87.87,9,830.3715,5.6
780,C,2019-02,1,19,Health and beauty,21.8,8,183.12,8.3
781,A,2019-02,0,16,Sports and travel,94.76,4,397.99199999999996,7.8
782,A,2019-02,1,14,Fashion accessories,30.62,1,32.150999999999996,4.1
783,C,2019-03,6,17,Home and lifestyle,44.01,8,369.684,8.8
784,C,2019-02,6,13,Health and beauty,10.16,5,53.34,4.1
785,A,2019-02,0,16,Electronic accessories,74.58,7,548.163,9.0
786,C,2019-02,1,11,Electronic accessories,71.89,8,603.876,5.5
787,C,2019-01,2,10,Health and beauty,10.99,5,57.6975,9.3
788,C,2019-01,0,10,Health and beauty,60.47,3,190.4805,5.6
789,A,2019-01,3,15,Sports and travel,58.91,7,432.9885,9.7
790,A,2019-03,6,20,Fashion accessories,46.41,1,48.7305,4.0
791,C,2019-02,4,20,Health and beauty,68.55,4,287.91,9.2
792,B,2019-01,1,13,Home and lifestyle,97.37,10,1022.385,4.9
793,A,2019-02,2,12,Electronic accessories,92.6,7,680.61,9.3
794,A,2019-02,1,12,Electronic accessories,46.61,2,97.881,6.6
795,B,2019-03,4,16,Fashion accessories,27.18,2,57.078,4.3
796,C,2019-01,3,13,Home and lifestyle,60.87,1,63.9135,5.5
797,A,2019-02,4,15,Sports and travel,24.49,10,257.145,8.1
798,B,2019-03,4,10,Health and beauty,92.78,1,97.419,9.8
799,C,2019-02,0,18,Home and lifestyle,86.69,5,455.1225,9.4
800,B,2019-01,5,16,Sports and travel,23.01,6,144.963,7.9
801,C,2019-03,6,19,Electronic accessories,30.2,8,253.68,5.1
802,C,2019-03,5,13,Fashion accessories,67.39,7,495.3165,6.9
803,A,2019-03,0,11,Fashion accessories,48.96,9,462.67199999999997,8.0
804,B,2019-02,5,11,Electronic accessories,75.59,9,714.3255,8.0
805,A,2019-03,6,16,Home and lifestyle,77.47,4,325.374,4.2
806,A,2019-01,2,18,Sports and travel,93.18,2,195.678,8.5
807,A,2019-01,1,17,Electronic accessories,50.23,4,210.96599999999998,9.0
808,B,2019-01,0,10,Health and beauty,17.75,1,18.6375,8.6
809,C,2019-01,3,10,Fashion accessories,62.18,10,652.89,6.0
810,B,2019-03,4,14,Health and beauty,10.75,8,90.3,6.2
811,A,2019-02,6,18,Electronic accessories,40.26,10,422.73,5.0
812,C,2019-02,4,12,Sports and travel,64.97,5,341.0925,6.5
813,A,2019-03,4,14,Electronic accessories,95.15,1,99.9075,6.0
814,A,2019-01,3,10,Electronic accessories,48.62,8,408.408,5.0
815,B,2019-03,3,16,Food and beverages,53.21,8,446.964,5.0
816,C,2019-01,2,11,Fashion accessories,45.44,7,333.98400000000004,9.2
817,A,2019-01,5,20,Food and beverages,33.88,8,284.592,9.6
818,B,2019-01,6,20,Health and beauty,96.16,4,403.87199999999996,8.4
819,B,2019-02,6,14,Food and beverages,47.16,5,247.59,6.0
820,B,2019-03,0,16,Electronic accessories,52.89,4,222.138,6.7
821,A,2019-02,6,10,Home and lifestyle,47.68,2,100.12799999999999,4.1
822,C,2019-02,3,14,Sports and travel,10.17,1,10.6785,5.9
823,A,2019-03,0,10,Health and beauty,68.71,3,216.4365,8.7
824,B,2019-02,3,11,Sports and travel,60.08,7,441.588,4.5
825,A,2019-01,1,18,Sports and travel,22.01,4,92.44200000000001,6.6
826,B,2019-01,0,13,Health and beauty,72.11,9,681.4395,7.7
827,A,2019-03,1,18,Fashion accessories,41.28,3,130.032,8.5
828,C,2019-03,6,18,Electronic accessories,64.95,10,681.975,5.2
829,A,2019-01,1,14,Electronic accessories,74.22,10,779.31,4.3
830,A,2019-01,3,17,Electronic accessories,10.56,8,88.704,7.6
831,B,2019-02,0,18,Health and beauty,62.57,4,262.79400000000004,9.5
832,B,2019-01,2,16,Sports and travel,11.85,8,99.54,4.1
833,A,2019-02,3,14,Health and beauty,91.3,1,95.865,9.2
834,B,2019-03,1,11,Home and lifestyle,40.73,7,299.3655,5.4
835,A,2019-03,1,19,Fashion accessories,52.38,1,54.998999999999995,5.8
836,A,2019-01,2,13,Fashion accessories,38.54,5,202.335,5.6
837,B,2019-01,2,20,Sports and travel,44.63,6,281.16900000000004,5.1
838,C,2019-01,1,15,Electronic accessories,55.87,10,586.635,5.8
839,C,2019-01,1,11,Sports and travel,29.22,6,184.08599999999998,5.0
840,A,2019-02,4,15,Fashion accessories,51.94,3,163.611,7.9
841,B,2019-02,3,17,Electronic accessories,60.3,1,63.315,6.0
842,A,2019-03,5,16,Sports and travel,39.47,2,82.887,5.0
843,C,2019-02,2,18,Food and beverages,14.87,2,31.226999999999997,8.9
844,A,2019-01,5,12,Fashion accessories,21.32,1,22.386,5.9
845,A,2019-01,2,11,Electronic accessories,93.78,3,295.407,5.9
846,A,2019-01,6,18,Electronic accessories,73.26,1,76.923,9.7
847,C,2019-01,2,17,Sports and travel,22.38,1,23.499000000000002,8.6
848,C,2019-01,1,19,Food and beverages,72.88,9,688.716,4.0
849,A,2019-01,5,13,Fashion accessories,99.1,6,624.33,4.2
850,A,2019-01,4,11,Fashion accessories,74.1,1,77.805,9.2
851,A,2019-02,1,10,Fashion accessories,98.48,2,206.808,9.2
852,C,2019-01,0,15,Health and beauty,53.19,7,390.9465,5.0
853,B,2019-02,0,11,Electronic accessories,52.79,10,554.295,10.0
854,A,2019-01,2,14,Health and beauty,95.95,5,503.7375,8.8
855,B,2019-02,5,10,Fashion accessories,36.51,9,345.0195,4.2
856,B,2019-01,1,19,Food and beverages,21.12,8,177.408,6.3
857,A,2019-03,3,18,Home and lifestyle,28.31,4,118.902,8.2
858,B,2019-02,4,13,Health and beauty,57.59,6,362.81699999999995,5.1
859,A,2019-01,2,12,Food and beverages,47.63,9,450.1035,5.0
860,C,2019-02,2,13,Home and lifestyle,86.27,1,90.5835,7.0
861,A,2019-01,1,18,Sports and travel,12.76,2,26.796,7.8
862,B,2019-03,6,11,Home and lifestyle,11.28,9,106.596,4.3
863,B,2019-01,5,11,Home and lifestyle,51.07,7,375.3645,7.0
864,A,2019-01,1,14,Electronic accessories,79.59,3,250.7085,6.6
865,C,2019-01,5,15,Health and beauty,33.81,3,106.5015,7.3
866,B,2019-03,4,14,Sports and travel,90.53,8,760.452,6.5
867,C,2019-01,3,12,Health and beauty,62.82,2,131.922,4.9
868,C,2019-01,1,19,Food and beverages,24.31,3,76.5765,4.3
869,A,2019-01,6,13,Sports and travel,64.59,4,271.278,9.3
870,A,2019-02,5,10,Food and beverages,24.82,7,182.42700000000002,7.1
871,C,2019-03,2,15,Fashion accessories,56.5,1,59.325,9.6
872,B,2019-01,0,11,Electronic accessories,21.43,10,225.015,6.2
873,A,2019-01,4,17,Sports and travel,89.06,6,561.078,9.9
874,A,2019-03,1,11,Home and lifestyle,23.29,4,97.818,5.9
875,C,2019-03,4,14,Home and lifestyle,65.26,8,548.184,6.3
876,C,2019-02,1,17,Fashion accessories,52.35,1,54.9675,4.0
877,B,2019-02,0,20,Electronic accessories,39.75,1,41.7375,6.1
878,A,2019-03,3,16,Electronic accessories,90.02,8,756.168,4.5
879,B,2019-01,5,10,Electronic accessories,12.1,8,101.64,8.6
880,B,2019-01,1,14,Food and beverages,33.21,10,348.705,6.0
881,C,2019-03,5,12,Fashion accessories,10.18,8,85.512,9.5
882,B,2019-02,2,15,Sports and travel,31.99,10,335.895,9.9
883,A,2019-03,5,12,Home and lifestyle,34.42,6,216.84599999999998,7.5
884,A,2019-03,1,13,Food and beverages,83.34,2,175.014,7.6
885,A,2019-01,6,10,Sports and travel,45.58,7,335.01300000000003,5.0
886,A,2019-02,1,19,Food and beverages,87.9,1,92.295,6.7
887,A,2019-03,5,13,Electronic accessories,73.47,10,771.435,9.5
888,C,2019-03,2,12,Fashion accessories,12.19,8,102.396,6.8
889,A,2019-03,6,19,Sports and travel,76.92,10,807.66,5.6
890,C,2019-02,3,10,Health and beauty,83.66,5,439.215,7.2
891,B,2019-02,3,15,Electronic accessories,57.91,8,486.444,8.1
892,C,2019-03,5,16,Fashion accessories,92.49,5,485.5725,8.6
893,B,2019-03,2,20,Electronic accessories,28.38,5,148.995,9.4
894,B,2019-02,2,15,Electronic accessories,50.45,6,317.835,8.9
895,B,2019-01,0,17,Health and beauty,99.16,8,832.944,4.2
896,C,2019-01,4,16,Fashion accessories,60.74,7,446.439,5.0
897,C,2019-02,1,10,Food and beverages,47.27,6,297.801,8.8
898,C,2019-03,5,13,Health and beauty,85.6,7,629.16,5.3
899,A,2019-02,5,19,Food and beverages,35.04,9,331.12800000000004,4.6
900,C,2019-01,0,14,Electronic accessories,44.84,9,423.73800000000006,7.5
901,B,2019-02,5,12,Home and lifestyle,45.97,4,193.074,5.1
902,A,2019-03,1,20,Health and beauty,27.73,5,145.5825,4.2
903,A,2019-01,0,17,Food and beverages,11.53,7,84.7455,8.1
904,C,2019-02,3,12,Health and beauty,58.32,2,122.47200000000001,6.0
905,C,2019-03,6,17,Home and lifestyle,78.38,4,329.19599999999997,7.9
906,C,2019-02,5,18,Health and beauty,84.61,10,888.405,8.8
907,B,2019-03,6,14,Health and beauty,82.88,5,435.12,6.6
908,A,2019-03,2,16,Food and beverages,79.54,2,167.03400000000002,6.2
909,B,2019-01,6,10,Home and lifestyle,49.01,10,514.605,4.2
910,B,2019-03,2,20,Food and beverages,29.15,3,91.8225,7.3
911,C,2019-01,5,11,Electronic accessories,56.13,4,235.74599999999998,8.6
912,A,2019-02,3,10,Home and lifestyle,93.12,8,782.2080000000001,6.8
913,A,2019-01,3,10,Fashion accessories,51.34,8,431.256,7.6
914,A,2019-02,0,18,Food and beverages,99.6,3,313.74,5.8
915,C,2019-02,5,12,Electronic accessories,35.49,6,223.58700000000002,4.1
916,C,2019-03,3,15,Sports and travel,42.85,1,44.9925,9.3
917,A,2019-03,0,12,Fashion accessories,94.67,4,397.61400000000003,6.8
918,B,2019-02,4,11,Home and lifestyle,68.97,3,217.2555,8.7
919,B,2019-03,5,12,Electronic accessories,26.26,3,82.719,6.3
920,C,2019-03,6,15,Home and lifestyle,35.79,9,338.2155,5.1
921,B,2019-02,4,10,Home and lifestyle,16.37,6,103.131,7.0
922,C,2019-02,4,12,Home and lifestyle,12.73,2,26.733,5.2
923,C,2019-01,3,10,Sports and travel,83.14,7,611.0790000000001,6.6
924,C,2019-03,3,13,Sports and travel,35.22,6,221.886,6.5
925,B,2019-01,3,11,Electronic accessories,13.78,4,57.876000000000005,9.0
926,B,2019-02,4,17,Sports and travel,88.31,1,92.7255,5.2
927,A,2019-01,6,17,Health and beauty,39.62,9,374.409,6.8
928,B,2019-02,4,20,Electronic accessories,88.25,9,833.9625,7.6
929,B,2019-03,5,19,Sports and travel,25.31,2,53.151,7.2
930,B,2019-03,6,13,Home and lifestyle,99.92,6,629.496,7.1
931,C,2019-02,5,14,Fashion accessories,83.35,2,175.035,9.5
932,A,2019-02,2,11,Food and beverages,74.44,10,781.62,5.1
933,C,2019-01,6,12,Health and beauty,64.08,7,470.98800000000006,7.6
934,B,2019-01,3,20,Home and lifestyle,63.15,6,397.845,9.8
935,C,2019-01,3,20,Home and lifestyle,85.72,3,270.018,5.1
936,C,2019-01,5,19,Health and beauty,78.89,7,579.8415,7.5
937,A,2019-03,5,10,Sports and travel,89.48,5,469.77,7.4
938,A,2019-02,6,16,Health and beauty,92.09,3,290.0835,4.2
939,C,2019-03,3,17,Food and beverages,57.29,6,360.92699999999996,5.9
940,A,2019-03,5,18,Food and beverages,66.52,4,279.384,6.9
941,C,2019-03,2,10,Fashion accessories,99.82,9,943.299,6.6
942,A,2019-01,5,19,Home and lifestyle,45.68,10,479.64,5.7
943,A,2019-02,1,14,Health and beauty,50.79,5,266.6475,5.3
944,A,2019-03,3,20,Health and beauty,10.08,7,74.08800000000001,4.2
945,A,2019-01,5,11,Electronic accessories,93.88,7,690.018,7.3
946,C,2019-03,1,14,Electronic accessories,84.25,2,176.925,5.3
947,B,2019-02,6,20,Fashion accessories,53.78,1,56.468999999999994,4.7
948,C,2019-02,2,18,Home and lifestyle,35.81,5,188.0025,7.9
949,B,2019-02,6,14,Food and beverages,26.43,8,222.012,8.9
950,B,2019-02,3,12,Health and beauty,39.91,3,125.7165,9.3
951,B,2019-01,2,18,Home and lifestyle,21.9,3,68.985,4.7
952,B,2019-02,0,13,Food and beverages,62.85,4,263.97,8.7
953,C,2019-01,6,13,Food and beverages,21.04,4,88.368,7.6
954,B,2019-02,5,11,Home and lifestyle,65.91,6,415.233,5.7
955,A,2019-01,6,11,Fashion accessories,42.57,7,312.8895,6.8
956,C,2019-01,3,17,Food and beverages,50.49,9,477.1305,5.4
957,B,2019-02,3,15,Electronic accessories,46.02,6,289.926,7.1
958,C,2019-01,2,12,Home and lifestyle,15.8,10,165.9,7.8
959,A,2019-02,1,15,Food and beverages,98.66,9,932.337,8.4
960,C,2019-03,0,15,Fashion accessories,91.98,1,96.579,9.8
961,A,2019-02,1,18,Electronic accessories,20.89,2,43.869,9.8
962,A,2019-03,1,15,Fashion accessories,15.5,1,16.275,7.4
963,C,2019-03,5,20,Electronic accessories,96.82,3,304.983,6.7
964,B,2019-01,5,14,Food and beverages,33.33,2,69.993,6.4
965,B,2019-03,5,18,Electronic accessories,38.27,2,80.367,5.8
966,A,2019-03,0,15,Home and lifestyle,33.3,9,314.685,7.2
967,A,2019-01,6,12,Home and lifestyle,81.01,3,255.1815,9.3
968,A,2019-03,0,18,Health and beauty,15.8,3,49.77,9.5
969,B,2019-03,0,19,Electronic accessories,34.49,5,181.0725,9.0
970,B,2019-01,1,11,Food and beverages,84.63,10,888.615,9.0
971,B,2019-02,6,13,Home and lifestyle,36.91,7,271.2885,6.7
972,B,2019-01,5,15,Electronic accessories,87.08,7,640.038,5.5
973,A,2019-02,0,15,Home and lifestyle,80.08,3,252.252,5.4
974,C,2019-02,3,17,Fashion accessories,86.13,2,180.873,8.2
975,B,2019-03,2,11,Fashion accessories,49.92,2,104.83200000000001,7.0
976,A,2019-03,0,10,Food and beverages,74.66,4,313.572,8.5
977,B,2019-02,1,15,Food and beverages,26.6,6,167.58,4.9
978,B,2019-03,6,18,Electronic accessories,25.45,1,26.7225,5.1
979,B,2019-02,0,20,Food and beverages,67.77,1,71.1585,6.5
980,C,2019-01,5,12,Food and beverages,59.59,4,250.278,9.8
981,A,2019-01,2,17,Health and beauty,58.15,4,244.23,8.4
982,A,2019-03,3,14,Sports and travel,97.48,9,921.186,7.4
983,C,2019-01,2,10,Health and beauty,99.96,7,734.706,6.1
984,C,2019-01,2,11,Electronic accessories,96.37,7,708.3195,6.0
985,B,2019-02,3,19,Fashion accessories,63.71,5,334.4775,8.5
986,B,2019-02,0,14,Health and beauty,14.76,2,30.996,4.3
987,B,2019-01,3,19,Health and beauty,62.0,8,520.8,6.2
988,C,2019-03,4,19,Electronic accessories,82.34,10,864.57,4.3
989,B,2019-01,0,15,Health and beauty,75.37,8,633.1080000000001,8.4
990,A,2019-03,4,19,Food and beverages,56.56,5,296.94,4.5
991,B,2019-01,3,18,Sports and travel,76.6,10,804.3,6.0
992,A,2019-03,6,20,Electronic accessories,58.03,2,121.863,8.8
993,B,2019-02,4,18,Fashion accessories,17.49,10,183.645,6.6
994,C,2019-02,0,11,Electronic accessories,60.95,1,63.9975,5.9
995,C,2019-01,1,13,Health and beauty,40.35,1,42.3675,6.2
996,B,2019-03,5,17,Home and lifestyle,97.38,10,1022.49,4.4
997,A,2019-02,5,13,Food and beverages,31.84,1,33.431999999999995,7.7
998,A,2019-02,4,15,Home and lifestyle,65.82,1,69.111,4.1
999,A,2019-02,0,13,Fashion accessories,88.34,7,649.299,6.6
