,Date,Weekday,Hour,Product line,Quantity,Total,Rating
0,2019-01-05 13:08:00,Weekend,13,Health and beauty,7,548.9715,9.1
1,2019-03-08 10:29:00,Workday,10,Electronic accessories,5,80.22,9.6
2,2019-03-03 13:23:00,Weekend,13,Home and lifestyle,7,340.5255,7.4
3,2019-01-27 20:33:00,Weekend,20,Health and beauty,8,489.048,8.4
4,2019-02-08 10:37:00,Workday,10,Sports and travel,7,634.3785,5.3
5,2019-03-25 18:30:00,Workday,18,Electronic accessories,7,627.6165,4.1
6,2019-02-25 14:36:00,Workday,14,Electronic accessories,6,433.69199999999995,5.8
7,2019-02-24 11:38:00,Weekend,11,Home and lifestyle,10,772.38,8.0
8,2019-01-10 17:15:00,Workday,17,Health and beauty,2,76.146,7.2
9,2019-02-20 13:27:00,,13,Food and beverages,3,172.74599999999998,5.9
10,2019-02-06 18:07:00,,18,Fashion accessories,4,60.816,4.5
11,2019-03-09 17:03:00,Weekend,17,Electronic accessories,4,107.14200000000001,6.8
12,2019-02-12 10:25:00,Workday,10,Electronic accessories,5,246.4875,7.1
13,2019-02-07 16:48:00,Workday,16,Food and beverages,10,453.495,8.2
14,2019-03-29 19:21:00,Workday,19,Health and beauty,10,749.49,5.7
15,2019-01-15 16:19:00,Workday,16,Sports and travel,6,590.436,4.5
16,2019-03-11 11:03:00,Workday,11,Health and beauty,7,506.6355,4.6
17,2019-01-01 10:39:00,Workday,10,Sports and travel,6,457.44300000000004,6.9
18,2019-01-21 18:00:00,Workday,18,Food and beverages,3,172.2105,8.6
19,2019-03-11 15:30:00,Workday,15,Home and lifestyle,2,84.63,4.4
20,2019-02-25 11:24:00,Workday,11,Electronic accessories,5,451.71,4.8
21,2019-03-05 10:40:00,Workday,10,Health and beauty,3,277.137,5.1
22,2019-03-15 12:20:00,Workday,12,Home and lifestyle,2,69.72,4.4
23,2019-02-17 11:15:00,Weekend,11,Electronic accessories,5,181.44,9.9
24,2019-03-02 17:36:00,Weekend,17,Sports and travel,3,279.1845,6.0
25,2019-03-22 19:20:00,Workday,19,Home and lifestyle,8,441.756,8.5
26,2019-02-08 15:31:00,Workday,15,Fashion accessories,1,35.196,6.7
27,2019-03-10 12:17:00,Weekend,12,Fashion accessories,2,184.107,7.7
28,2019-01-25 19:48:00,Workday,19,Food and beverages,5,463.89,9.6
29,2019-03-15 15:36:00,Workday,15,Health and beauty,9,235.2105,7.4
30,2019-02-25 19:39:00,Workday,19,Fashion accessories,5,494.1825,4.8
31,2019-01-28 12:43:00,Workday,12,Sports and travel,9,737.7615,4.5
32,2019-01-10 14:49:00,Workday,14,Sports and travel,8,703.752,5.1
33,2019-03-15 10:12:00,Workday,10,Health and beauty,2,202.81799999999998,5.1
34,2019-02-06 10:42:00,,10,Food and beverages,4,417.564,7.5
35,2019-01-07 12:28:00,Workday,12,Sports and travel,1,71.52600000000001,6.8
36,2019-03-10 19:15:00,Weekend,19,Sports and travel,5,328.755,7.0
37,2019-01-15 17:17:00,Workday,17,Electronic accessories,9,575.316,4.7
38,2019-03-23 13:24:00,Weekend,13,Health and beauty,8,461.32800000000003,7.6
39,2019-03-03 13:01:00,Weekend,13,Home and lifestyle,8,253.00799999999998,7.7
40,2019-01-17 18:45:00,Workday,18,Home and lifestyle,1,91.056,7.9
41,2019-02-02 10:11:00,Weekend,10,Home and lifestyle,2,117.831,6.3
42,2019-02-08 13:03:00,Workday,13,Sports and travel,6,435.45599999999996,5.6
43,2019-03-04 20:39:00,Workday,20,Food and beverages,8,829.08,7.6
44,2019-03-16 19:47:00,Weekend,19,Health and beauty,2,32.277,7.2
45,2019-03-09 18:00:00,Weekend,18,Electronic accessories,4,394.63199999999995,9.5
46,2019-02-27 17:24:00,,17,Health and beauty,9,535.7205,8.4
47,2019-02-06 15:47:00,,15,Food and beverages,9,189.0945,4.1
48,2019-02-10 12:45:00,Weekend,12,Electronic accessories,6,119.259,8.1
49,2019-03-19 17:08:00,Workday,17,Fashion accessories,10,867.615,7.9
50,2019-02-03 10:19:00,Weekend,10,Food and beverages,7,671.79,9.5
51,2019-02-10 15:10:00,Weekend,15,Food and beverages,5,234.0975,8.5
52,2019-03-22 14:42:00,Workday,14,Fashion accessories,4,75.054,6.5
53,2019-01-25 15:46:00,Workday,15,Fashion accessories,1,16.2015,6.1
54,2019-03-07 11:49:00,Workday,11,Home and lifestyle,2,33.936,6.5
55,2019-02-28 19:01:00,Workday,19,Electronic accessories,8,722.232,8.2
56,2019-03-27 11:26:00,,11,Home and lifestyle,2,93.11399999999999,5.8
57,2019-02-07 11:28:00,Workday,11,Health and beauty,8,752.64,6.6
58,2019-01-20 15:55:00,Weekend,15,Home and lifestyle,10,759.675,5.4
59,2019-03-12 20:36:00,Workday,20,Electronic accessories,6,192.843,9.3
60,2019-02-15 17:47:00,Workday,17,Sports and travel,3,77.931,10.0
61,2019-02-24 10:55:00,Weekend,10,Home and lifestyle,6,351.099,7.0
62,2019-02-03 13:40:00,Weekend,13,Sports and travel,9,520.4115,10.0
63,2019-03-06 12:27:00,,12,Sports and travel,10,166.005,8.6
64,2019-02-14 14:35:00,Workday,14,Health and beauty,4,318.108,7.6
65,2019-03-13 16:40:00,,16,Health and beauty,10,166.635,5.8
66,2019-02-10 15:43:00,Weekend,15,Health and beauty,2,70.28699999999999,6.7
67,2019-01-07 15:01:00,Workday,15,Fashion accessories,6,614.943,9.9
68,2019-01-24 10:04:00,Workday,10,Sports and travel,10,827.085,6.4
69,2019-02-02 18:50:00,Weekend,18,Health and beauty,1,19.2465,4.3
70,2019-01-06 12:46:00,Weekend,12,Food and beverages,10,939.54,9.6
71,2019-02-11 16:19:00,Workday,16,Fashion accessories,10,652.26,5.9
72,2019-03-05 18:17:00,Workday,18,Food and beverages,3,152.838,4.0
73,2019-03-09 18:21:00,Weekend,18,Electronic accessories,6,478.233,8.7
74,2019-01-22 10:55:00,Workday,10,Home and lifestyle,9,705.6315,9.4
75,2019-01-13 17:04:00,Weekend,17,Electronic accessories,10,437.325,5.4
76,2019-01-09 14:20:00,,14,Fashion accessories,9,463.42800000000005,8.6
77,2019-01-12 15:48:00,Weekend,15,Fashion accessories,9,189.0945,5.7
78,2019-03-05 16:24:00,Workday,16,Food and beverages,10,822.255,6.6
79,2019-01-22 18:56:00,Workday,18,Health and beauty,5,106.995,6.0
80,2019-01-21 14:42:00,Workday,14,Health and beauty,6,624.8969999999999,5.5
81,2019-01-26 19:56:00,Weekend,19,Food and beverages,3,304.54200000000003,6.4
82,2019-01-23 18:37:00,,18,Food and beverages,8,161.7,6.6
83,2019-02-23 18:45:00,Weekend,18,Food and beverages,4,337.51199999999994,8.3
84,2019-03-09 10:17:00,Weekend,10,Sports and travel,5,256.7775,6.6
85,2019-03-05 14:31:00,Workday,14,Sports and travel,7,610.491,4.0
86,2019-03-25 10:23:00,Workday,10,Fashion accessories,5,401.73,9.9
87,2019-03-27 20:35:00,,20,Food and beverages,7,362.94300000000004,7.3
88,2019-01-02 16:57:00,,16,Sports and travel,1,44.5935,5.7
89,2019-02-27 17:55:00,,17,Health and beauty,6,485.037,6.1
90,2019-01-23 10:25:00,,10,Home and lifestyle,4,198.99599999999998,7.1
91,2019-01-26 19:54:00,Weekend,19,Sports and travel,10,471.03,8.2
92,2019-01-10 16:42:00,Workday,16,Sports and travel,7,161.553,5.1
93,2019-03-12 12:09:00,Workday,12,Health and beauty,9,608.202,8.6
94,2019-02-06 20:05:00,,20,Health and beauty,1,94.2375,6.6
95,2019-03-08 20:38:00,Workday,20,Electronic accessories,1,102.01799999999999,7.2
96,2019-03-29 10:25:00,Workday,10,Health and beauty,10,922.635,5.1
97,2019-02-09 13:11:00,Weekend,13,Electronic accessories,6,78.435,4.1
98,2019-03-23 10:16:00,Weekend,10,Food and beverages,3,166.1625,9.3
99,2019-03-05 18:14:00,Workday,18,Home and lifestyle,6,521.01,7.4
100,2019-03-26 19:20:00,Workday,19,Fashion accessories,1,51.1455,4.1
101,2019-03-01 13:22:00,Workday,13,Fashion accessories,9,742.2975,7.2
102,2019-02-01 11:27:00,Workday,11,Electronic accessories,9,218.0115,4.9
103,2019-03-28 16:44:00,Workday,16,Food and beverages,6,367.038,9.9
104,2019-03-19 18:19:00,Workday,18,Health and beauty,7,223.0725,8.0
105,2019-01-12 14:50:00,Weekend,14,Electronic accessories,10,931.035,7.3
106,2019-01-05 20:54:00,Weekend,20,Fashion accessories,6,172.49400000000003,7.9
107,2019-03-22 20:19:00,Workday,20,Sports and travel,6,391.41900000000004,7.4
108,2019-03-24 10:43:00,Weekend,10,Food and beverages,9,321.111,4.2
109,2019-03-03 14:30:00,Weekend,14,Electronic accessories,10,860.685,9.2
110,2019-02-05 11:32:00,Workday,11,Sports and travel,2,34.629,4.6
111,2019-02-05 10:41:00,Workday,10,Health and beauty,3,309.3615,7.8
112,2019-02-15 12:44:00,Workday,12,Fashion accessories,7,535.374,8.4
113,2019-01-19 20:07:00,Weekend,20,Home and lifestyle,9,548.7615,4.3
114,2019-02-01 20:31:00,Workday,20,Home and lifestyle,9,763.4655,9.5
115,2019-03-02 13:01:00,Weekend,13,Fashion accessories,3,85.113,7.1
116,2019-03-05 12:29:00,Workday,12,Fashion accessories,5,115.185,5.3
117,2019-01-16 15:26:00,,15,Fashion accessories,1,53.928000000000004,5.2
118,2019-02-02 20:48:00,Weekend,20,Food and beverages,10,115.08,6.0
119,2019-01-20 20:38:00,Weekend,20,Home and lifestyle,2,112.22399999999999,4.1
120,2019-02-14 17:03:00,Workday,17,Electronic accessories,8,836.304,5.2
121,2019-01-12 12:02:00,Weekend,12,Sports and travel,7,419.832,6.5
122,2019-03-09 17:26:00,Weekend,17,Sports and travel,9,944.622,4.2
123,2019-03-13 19:52:00,,19,Home and lifestyle,8,536.844,4.6
124,2019-03-09 14:57:00,Weekend,14,Fashion accessories,8,474.348,7.3
125,2019-03-10 18:44:00,Weekend,18,Home and lifestyle,7,688.6215,4.5
126,2019-01-27 13:26:00,Weekend,13,Sports and travel,5,169.3125,9.0
127,2019-01-08 16:17:00,Workday,16,Fashion accessories,9,299.8485,5.9
128,2019-01-08 15:57:00,Workday,15,Food and beverages,8,575.736,8.5
129,2019-02-08 11:15:00,Workday,11,Sports and travel,9,853.1460000000001,7.2
130,2019-01-25 13:18:00,Workday,13,Fashion accessories,7,291.207,7.5
131,2019-03-06 20:34:00,,20,Sports and travel,6,580.419,8.3
132,2019-02-10 18:36:00,Weekend,18,Sports and travel,4,146.328,7.4
133,2019-02-17 14:40:00,Weekend,14,Electronic accessories,6,550.935,8.8
134,2019-03-08 16:43:00,Workday,16,Health and beauty,6,512.19,5.3
135,2019-02-18 19:39:00,Workday,19,Fashion accessories,3,284.193,6.2
136,2019-01-18 20:59:00,Workday,20,Electronic accessories,5,138.1275,8.8
137,2019-02-18 15:39:00,Workday,15,Home and lifestyle,6,216.84599999999998,9.8
138,2019-02-16 12:21:00,Weekend,12,Sports and travel,10,545.055,8.2
139,2019-03-16 19:25:00,Weekend,19,Sports and travel,8,609.0,9.2
140,2019-01-23 13:00:00,,13,Sports and travel,10,942.9,5.4
141,2019-01-25 13:48:00,Workday,13,Health and beauty,10,950.25,8.1
142,2019-02-05 19:57:00,Workday,19,Health and beauty,10,720.3,9.1
143,2019-02-22 10:36:00,Workday,10,Food and beverages,1,31.9305,8.4
144,2019-01-21 16:37:00,Workday,16,Home and lifestyle,6,491.085,8.0
145,2019-03-08 17:11:00,Workday,17,Health and beauty,6,291.438,9.5
146,2019-02-10 12:28:00,Weekend,12,Fashion accessories,10,316.47,9.2
147,2019-03-19 12:46:00,Workday,12,Health and beauty,4,277.788,5.6
148,2019-03-06 15:07:00,,15,Home and lifestyle,8,603.624,6.2
149,2019-03-27 13:48:00,,13,Health and beauty,8,272.664,4.9
150,2019-03-23 19:20:00,Weekend,19,Fashion accessories,4,384.468,4.8
151,2019-03-11 16:07:00,Workday,16,Sports and travel,7,254.016,7.3
152,2019-01-29 11:56:00,Workday,11,Fashion accessories,9,786.618,7.4
153,2019-02-07 18:23:00,Workday,18,Food and beverages,6,103.824,9.9
154,2019-01-28 13:05:00,Workday,13,Sports and travel,8,680.148,9.3
155,2019-02-20 15:55:00,,15,Food and beverages,5,484.5225,9.0
156,2019-01-04 19:40:00,Workday,19,Electronic accessories,1,75.7785,6.1
157,2019-03-07 13:58:00,Workday,13,Home and lifestyle,5,263.97,9.7
158,2019-03-30 14:43:00,Weekend,14,Health and beauty,9,918.7289999999999,6.0
159,2019-03-27 19:18:00,,19,Sports and travel,6,588.357,10.0
160,2019-01-19 19:39:00,Weekend,19,Food and beverages,8,362.712,8.3
161,2019-02-25 16:21:00,Workday,16,Sports and travel,1,66.8745,6.0
162,2019-03-13 19:44:00,,19,Food and beverages,7,336.5565,7.0
163,2019-01-30 19:42:00,,19,Sports and travel,2,160.44,6.5
164,2019-02-20 15:24:00,,15,Food and beverages,10,418.95,5.9
165,2019-02-25 14:12:00,Workday,14,Health and beauty,8,357.588,5.6
166,2019-01-16 13:32:00,,13,Home and lifestyle,10,,4.8
167,2019-02-08 16:20:00,Workday,16,Fashion accessories,10,,8.7
168,2019-01-19 16:31:00,Weekend,16,Food and beverages,6,323.064,6.5
169,2019-02-01 15:10:00,Workday,15,Sports and travel,7,510.972,8.5
170,2019-01-03 11:36:00,Workday,11,Health and beauty,5,367.5525,5.5
171,2019-01-26 12:45:00,Weekend,12,Food and beverages,5,420.2625,9.4
172,2019-03-03 19:17:00,Weekend,19,Electronic accessories,8,175.14,6.3
173,2019-01-19 17:34:00,Weekend,17,Electronic accessories,6,333.207,9.8
174,2019-01-18 12:04:00,Workday,12,Food and beverages,8,166.236,8.7
175,2019-03-21 16:21:00,Workday,16,Home and lifestyle,9,319.788,8.8
176,2019-03-03 17:01:00,Weekend,17,Food and beverages,8,186.22799999999998,9.6
177,2019-02-13 10:50:00,,10,Fashion accessories,7,165.4485,4.8
178,2019-03-23 19:16:00,Weekend,19,Food and beverages,6,465.444,4.4
179,2019-01-28 16:47:00,Workday,16,Health and beauty,3,273.42,9.9
180,2019-02-09 10:00:00,Weekend,10,Fashion accessories,7,472.311,5.7
181,2019-01-23 11:51:00,,11,Food and beverages,8,323.14799999999997,7.7
182,2019-03-23 10:55:00,Weekend,10,Sports and travel,10,162.75,8.0
183,2019-01-25 15:00:00,Workday,15,Health and beauty,8,288.204,5.7
184,2019-03-04 11:19:00,Workday,11,Sports and travel,7,90.699,6.7
185,2019-03-05 19:46:00,Workday,19,Food and beverages,3,56.952,8.0
186,2019-03-03 19:00:00,Weekend,19,Home and lifestyle,8,793.716,7.5
187,2019-02-08 10:53:00,Workday,10,Home and lifestyle,4,195.174,7.0
188,2019-02-10 12:50:00,Weekend,12,Home and lifestyle,1,77.7735,9.9
189,2019-01-28 20:50:00,Workday,20,Home and lifestyle,4,293.202,5.9
190,2019-02-11 10:39:00,Workday,10,Home and lifestyle,3,242.676,7.2
191,2019-01-15 13:41:00,Workday,13,Fashion accessories,2,154.392,4.6
192,2019-03-16 19:08:00,Weekend,19,Food and beverages,9,829.71,9.2
193,2019-01-26 20:23:00,Weekend,20,Home and lifestyle,4,107.31,5.7
194,2019-03-19 11:30:00,Workday,11,Electronic accessories,5,171.7275,9.9
195,2019-01-13 19:30:00,Weekend,19,Fashion accessories,1,78.0045,5.0
196,2019-03-26 18:03:00,Workday,18,Health and beauty,2,91.77,4.9
197,2019-03-23 10:13:00,Weekend,10,Home and lifestyle,1,26.5545,6.1
198,2019-03-12 19:58:00,Workday,19,Health and beauty,4,174.3,8.2
199,2019-02-17 19:57:00,Weekend,19,Food and beverages,5,374.7975,5.5
200,2019-01-29 10:01:00,Workday,10,Sports and travel,6,120.645,6.8
201,2019-03-15 11:57:00,Workday,11,Electronic accessories,4,241.458,6.6
202,2019-01-14 10:02:00,Workday,10,Electronic accessories,7,451.3635,9.8
203,2019-02-06 14:51:00,,14,Health and beauty,10,271.95,8.7
204,2019-02-15 12:42:00,Workday,12,Home and lifestyle,5,93.2925,5.4
205,2019-01-03 12:02:00,Workday,12,Health and beauty,9,217.6335,7.9
206,2019-01-04 18:19:00,Workday,18,Electronic accessories,9,629.8425,9.7
207,2019-03-18 17:38:00,Workday,17,Home and lifestyle,10,299.565,7.8
208,2019-03-28 13:41:00,Workday,13,Fashion accessories,3,95.6655,5.1
209,2019-03-02 19:42:00,Weekend,19,Electronic accessories,9,942.4485,6.5
210,2019-01-25 20:24:00,Workday,20,Electronic accessories,9,247.8735,5.9
211,2019-01-16 18:08:00,,18,Food and beverages,9,881.307,8.8
212,2019-03-20 19:17:00,,19,Home and lifestyle,5,484.89,4.9
213,2019-01-04 13:24:00,Workday,13,Sports and travel,3,146.22299999999998,4.4
214,2019-03-11 15:53:00,Workday,15,Sports and travel,7,217.6335,6.5
215,2019-03-22 15:05:00,Workday,15,Home and lifestyle,1,19.194000000000003,8.3
216,2019-03-24 18:27:00,Weekend,18,Sports and travel,5,130.0425,8.5
217,2019-02-21 16:55:00,Workday,16,Electronic accessories,3,298.116,5.5
218,2019-02-12 12:58:00,Workday,12,Fashion accessories,8,796.908,8.7
219,2019-03-10 18:59:00,Weekend,18,Food and beverages,3,180.62099999999998,7.9
220,2019-01-31 13:44:00,Workday,13,Electronic accessories,6,285.705,6.1
221,2019-03-06 13:46:00,,13,Food and beverages,7,456.288,5.4
222,2019-02-17 18:06:00,Weekend,18,Electronic accessories,5,62.0025,9.4
223,2019-02-21 12:38:00,Workday,12,Fashion accessories,1,13.167,8.2
224,2019-03-20 15:56:00,,15,Food and beverages,2,90.825,6.2
225,2019-01-11 14:29:00,Workday,14,Sports and travel,2,183.03599999999997,9.7
226,2019-01-26 19:14:00,Weekend,19,Health and beauty,9,655.5465,4.0
227,2019-01-31 16:24:00,Workday,16,Electronic accessories,4,155.65200000000002,9.7
228,2019-02-26 10:52:00,Workday,10,Electronic accessories,6,571.41,5.3
229,2019-03-11 12:55:00,Workday,12,Home and lifestyle,8,532.7280000000001,7.4
230,2019-01-26 19:28:00,Weekend,19,Fashion accessories,2,170.877,6.5
231,2019-03-12 13:52:00,Workday,13,Electronic accessories,3,33.3585,8.7
232,2019-02-11 10:54:00,Workday,10,Health and beauty,9,794.6505,8.0
233,2019-02-21 18:31:00,Workday,18,Fashion accessories,4,310.04400000000004,6.7
234,2019-03-09 18:24:00,Weekend,18,Health and beauty,10,545.37,6.5
235,2019-01-20 18:09:00,Weekend,18,Sports and travel,2,195.59400000000002,4.1
236,2019-01-28 15:16:00,Workday,15,Health and beauty,5,91.4025,4.9
237,2019-03-05 17:07:00,Workday,17,Fashion accessories,5,232.155,8.6
238,2019-03-02 19:26:00,Weekend,19,Electronic accessories,5,69.405,4.3
239,2019-01-11 11:20:00,Workday,11,Fashion accessories,1,94.1745,4.9
240,2019-01-11 16:49:00,Workday,16,Food and beverages,9,235.683,5.6
241,2019-03-11 12:01:00,Workday,12,Health and beauty,2,125.51700000000001,5.8
242,2019-02-28 18:37:00,Workday,18,Fashion accessories,2,195.72,6.0
243,2019-01-05 11:25:00,Weekend,11,Home and lifestyle,4,263.13,4.2
244,2019-02-02 18:42:00,Weekend,18,Home and lifestyle,8,788.508,8.3
245,2019-01-01 14:47:00,Workday,14,Home and lifestyle,8,399.756,5.7
246,2019-02-09 19:43:00,Weekend,19,Electronic accessories,3,256.41,4.8
247,2019-01-23 14:04:00,,14,Fashion accessories,5,94.185,6.8
248,2019-01-07 16:11:00,Workday,16,Electronic accessories,4,326.42400000000004,8.8
249,2019-01-14 19:06:00,Workday,19,Food and beverages,7,536.991,4.2
250,2019-02-02 15:34:00,Weekend,15,Food and beverages,9,439.8975,6.4
251,2019-03-17 19:06:00,Weekend,19,Fashion accessories,10,369.495,8.4
252,2019-03-02 19:44:00,Weekend,19,Sports and travel,2,30.219,7.2
253,2019-03-16 11:22:00,Weekend,11,Home and lifestyle,4,99.75,5.2
254,2019-01-06 11:23:00,Weekend,11,Home and lifestyle,8,494.76,8.9
255,2019-01-29 14:12:00,Workday,14,Fashion accessories,4,137.004,9.0
256,2019-01-31 10:46:00,Workday,10,Electronic accessories,1,69.6675,9.7
257,2019-02-05 10:16:00,Workday,10,Home and lifestyle,6,163.233,8.7
258,2019-02-13 12:38:00,,12,Electronic accessories,4,135.45,6.5
259,2019-02-07 13:05:00,Workday,13,Electronic accessories,4,276.948,6.9
260,2019-03-19 13:25:00,Workday,13,Electronic accessories,9,709.317,6.2
261,2019-03-07 14:53:00,Workday,14,Fashion accessories,4,69.09,5.6
262,2019-03-13 19:22:00,,19,Fashion accessories,4,160.86,5.7
263,2019-02-09 11:00:00,Weekend,11,Sports and travel,10,233.52,4.2
264,2019-02-26 19:24:00,Workday,19,Sports and travel,1,57.1725,7.9
265,2019-03-12 12:43:00,Workday,12,Sports and travel,7,723.24,8.7
266,2019-03-14 17:22:00,Workday,17,Home and lifestyle,4,148.974,6.9
267,2019-01-08 20:55:00,Workday,20,Food and beverages,10,783.3,9.5
268,2019-01-05 16:05:00,Weekend,16,Home and lifestyle,4,297.108,4.4
269,2019-01-04 13:34:00,Workday,13,Home and lifestyle,10,373.17,7.0
270,2019-03-06 18:13:00,,18,Sports and travel,5,354.0075,6.3
271,2019-01-03 19:17:00,Workday,19,Health and beauty,2,44.352,9.7
272,2019-01-07 11:44:00,Workday,11,Home and lifestyle,9,203.553,8.8
273,2019-01-27 15:51:00,Weekend,15,Home and lifestyle,2,25.263,5.1
274,2019-02-26 16:52:00,Workday,16,Health and beauty,6,628.173,7.9
275,2019-01-07 20:52:00,Workday,20,Fashion accessories,7,352.5795,6.2
276,2019-01-07 17:36:00,Workday,17,Home and lifestyle,10,229.11,7.1
277,2019-02-02 13:23:00,Weekend,13,Fashion accessories,4,400.764,6.4
278,2019-03-20 16:28:00,,16,Fashion accessories,10,745.395,5.7
279,2019-03-20 19:57:00,,19,Sports and travel,10,462.21,9.6
280,2019-02-15 17:01:00,Workday,17,Home and lifestyle,8,587.664,6.4
281,2019-03-06 13:29:00,,13,Home and lifestyle,1,38.85,7.9
282,2019-01-06 11:09:00,Weekend,11,Sports and travel,1,16.107,6.5
283,2019-03-04 15:02:00,Workday,15,Health and beauty,6,628.929,8.5
284,2019-03-12 14:21:00,Workday,14,Health and beauty,4,200.21400000000003,9.1
285,2019-02-20 18:01:00,,18,Health and beauty,5,350.07,7.6
286,2019-03-24 14:49:00,Weekend,14,Home and lifestyle,1,78.60300000000001,6.9
287,2019-01-31 12:02:00,Workday,12,Sports and travel,9,224.4375,9.5
288,2019-01-25 13:30:00,Workday,13,Food and beverages,7,356.5485,5.2
289,2019-02-03 14:38:00,Weekend,14,Home and lifestyle,7,697.368,4.2
290,2019-01-24 17:37:00,Workday,17,Electronic accessories,10,423.15,7.0
291,2019-03-14 17:20:00,Workday,17,Electronic accessories,7,204.6975,6.0
292,2019-02-18 20:29:00,Workday,20,Electronic accessories,1,65.604,4.7
293,2019-01-21 10:00:00,Workday,10,Food and beverages,2,76.35600000000001,7.1
294,2019-03-13 11:46:00,,11,Health and beauty,10,190.155,5.9
295,2019-03-03 13:42:00,Weekend,13,Electronic accessories,5,272.58,7.5
296,2019-03-29 14:44:00,Workday,14,Electronic accessories,4,121.12799999999999,6.4
297,2019-01-10 14:16:00,Workday,14,Home and lifestyle,6,493.79400000000004,5.8
298,2019-01-25 15:54:00,Workday,15,Home and lifestyle,4,252.042,4.5
299,2019-01-19 10:21:00,Weekend,10,Home and lifestyle,1,93.0405,7.7
300,2019-01-02 18:09:00,,18,Fashion accessories,2,209.622,6.7
301,2019-03-12 16:46:00,Workday,16,Health and beauty,1,40.9605,4.7
302,2019-02-25 15:31:00,Workday,15,Food and beverages,1,51.0405,4.4
303,2019-03-18 17:15:00,Workday,17,Electronic accessories,4,214.998,4.7
304,2019-02-23 12:29:00,Weekend,12,Electronic accessories,8,125.664,8.6
305,2019-03-26 20:14:00,Workday,20,Electronic accessories,7,530.67,4.3
306,2019-03-30 13:22:00,Weekend,13,Sports and travel,7,295.6905,9.6
307,2019-02-17 17:09:00,Weekend,17,Home and lifestyle,8,745.836,4.1
308,2019-03-21 10:40:00,Workday,10,Electronic accessories,3,83.412,4.7
309,2019-03-05 17:43:00,Workday,17,Fashion accessories,2,172.011,7.8
310,2019-01-31 14:04:00,Workday,14,Sports and travel,6,503.559,5.5
311,2019-02-05 19:05:00,Workday,19,Fashion accessories,2,145.593,9.7
312,2019-02-01 10:08:00,Workday,10,Food and beverages,5,74.7075,4.4
313,2019-03-07 13:12:00,Workday,13,Health and beauty,9,146.9475,5.0
314,2019-02-10 20:51:00,Weekend,20,Electronic accessories,10,820.365,4.4
315,2019-02-14 17:29:00,Workday,17,Food and beverages,2,208.67700000000002,5.2
316,2019-02-09 10:25:00,Weekend,10,Food and beverages,3,66.402,7.3
317,2019-01-10 11:34:00,Workday,11,Electronic accessories,5,392.6475,4.9
318,2019-03-11 18:58:00,Workday,18,Health and beauty,7,218.0745,8.1
319,2019-02-18 16:28:00,Workday,16,Health and beauty,4,185.09400000000002,8.4
320,2019-02-26 20:26:00,Workday,20,Food and beverages,9,216.6885,5.5
321,2019-01-18 15:08:00,Workday,15,Health and beauty,1,41.391000000000005,8.4
322,2019-02-15 18:03:00,Workday,18,Health and beauty,6,96.13799999999999,9.8
323,2019-03-08 13:21:00,Workday,13,Fashion accessories,5,324.2925,6.7
324,2019-01-17 12:48:00,Workday,12,Home and lifestyle,6,135.576,9.4
325,2019-03-12 19:53:00,Workday,19,Sports and travel,4,410.50800000000004,6.4
326,2019-03-09 19:09:00,Weekend,19,Food and beverages,5,523.845,5.4
327,2019-03-12 16:30:00,Workday,16,Food and beverages,4,395.892,8.6
328,2019-01-25 10:11:00,Workday,10,Health and beauty,4,214.74599999999998,4.0
329,2019-03-25 13:07:00,Workday,13,Electronic accessories,4,152.71200000000002,7.6
330,2019-02-07 18:48:00,Workday,18,Home and lifestyle,9,208.08900000000003,6.8
331,2019-02-17 17:27:00,Weekend,17,Food and beverages,3,103.635,9.1
332,2019-02-03 15:59:00,Weekend,15,Fashion accessories,5,404.355,5.5
333,2019-03-14 11:21:00,Workday,11,Food and beverages,2,49.308,7.9
334,2019-03-24 13:48:00,Weekend,13,Sports and travel,5,77.175,8.5
335,2019-03-21 10:17:00,Workday,10,Electronic accessories,5,149.3625,9.1
336,2019-03-19 15:49:00,Workday,15,Fashion accessories,9,721.98,7.5
337,2019-02-24 13:02:00,Weekend,13,Sports and travel,6,365.085,5.2
338,2019-03-28 12:58:00,Workday,12,Electronic accessories,3,150.0975,9.5
339,2019-02-05 15:26:00,Workday,15,Food and beverages,9,404.649,8.9
340,2019-02-10 18:23:00,Weekend,18,Electronic accessories,3,151.4835,7.8
341,2019-03-05 19:06:00,Workday,19,Health and beauty,7,411.3795,8.9
342,2019-02-15 20:21:00,Workday,20,Health and beauty,7,565.215,7.7
343,2019-01-30 16:24:00,,16,Food and beverages,5,509.4075,9.3
344,2019-02-14 15:04:00,Workday,15,Sports and travel,3,140.6475,6.2
345,2019-02-27 16:10:00,,16,Fashion accessories,9,736.4385,7.6
346,2019-02-04 12:14:00,Workday,12,Electronic accessories,1,75.5475,7.3
347,2019-01-20 10:13:00,Weekend,10,Home and lifestyle,8,749.7,4.7
348,2019-03-28 17:38:00,Workday,17,Electronic accessories,7,191.247,5.1
349,2019-02-27 11:06:00,,11,Health and beauty,10,141.75,4.8
350,2019-02-15 14:53:00,Workday,14,Fashion accessories,10,,6.6
351,2019-01-26 18:22:00,Weekend,18,Electronic accessories,7,379.9215,5.5
352,2019-03-14 19:02:00,Workday,19,Fashion accessories,7,402.2655,8.5
353,2019-03-02 14:16:00,Weekend,14,Home and lifestyle,9,255.15,4.8
354,2019-03-04 15:44:00,Workday,15,Electronic accessories,1,31.752,8.4
355,2019-01-07 12:20:00,Workday,12,Food and beverages,4,374.38800000000003,7.8
356,2019-03-08 20:01:00,Workday,20,Fashion accessories,10,394.275,9.3
357,2019-01-09 13:45:00,,13,Sports and travel,10,,5.2
358,2019-03-01 15:40:00,Workday,15,Electronic accessories,3,86.625,6.5
359,2019-03-16 16:58:00,Weekend,16,Sports and travel,1,78.7185,5.6
360,2019-02-17 11:12:00,Weekend,11,Food and beverages,8,680.064,7.4
361,2019-02-27 15:12:00,,15,Food and beverages,8,793.548,9.1
362,2019-03-07 20:37:00,Workday,20,Food and beverages,2,209.55900000000003,8.0
363,2019-01-21 17:44:00,Workday,17,Home and lifestyle,6,461.286,7.2
364,2019-02-19 16:23:00,Workday,16,Food and beverages,4,173.208,7.1
365,2019-01-06 12:12:00,Weekend,12,Fashion accessories,4,343.056,9.1
366,2019-03-14 19:33:00,Workday,19,Electronic accessories,9,484.974,5.6
367,2019-03-24 10:29:00,Weekend,10,Home and lifestyle,4,276.948,6.0
368,2019-01-27 14:28:00,Weekend,14,Sports and travel,10,150.78,5.4
369,2019-03-06 12:46:00,,12,Electronic accessories,9,203.175,7.8
370,2019-02-02 19:40:00,Weekend,19,Electronic accessories,7,193.011,9.9
371,2019-01-25 19:39:00,Workday,19,Fashion accessories,2,128.016,4.9
372,2019-03-14 17:54:00,Workday,17,Home and lifestyle,6,441.69300000000004,5.2
373,2019-01-29 12:25:00,Workday,12,Fashion accessories,6,265.10400000000004,8.9
374,2019-01-03 16:47:00,Workday,16,Home and lifestyle,5,352.2225,9.1
375,2019-01-14 12:52:00,Workday,12,Fashion accessories,5,507.675,7.0
376,2019-01-05 19:50:00,Weekend,19,Home and lifestyle,9,334.341,9.6
377,2019-02-22 18:17:00,Workday,18,Sports and travel,7,701.8515,8.7
378,2019-02-06 17:20:00,,17,Fashion accessories,4,407.316,9.4
379,2019-01-30 13:32:00,,13,Electronic accessories,4,99.33,4.0
380,2019-01-11 10:37:00,Workday,10,Sports and travel,4,345.786,7.5
381,2019-03-19 14:35:00,Workday,14,Electronic accessories,2,55.881,4.2
382,2019-01-14 12:09:00,Workday,12,Food and beverages,5,523.3725,9.9
383,2019-03-01 15:32:00,Workday,15,Food and beverages,4,314.538,4.2
384,2019-01-06 13:58:00,Weekend,13,Food and beverages,5,214.935,9.9
385,2019-01-31 13:19:00,Workday,13,Sports and travel,1,79.611,5.8
386,2019-03-11 13:37:00,Workday,13,Food and beverages,6,294.651,6.0
387,2019-02-20 16:49:00,,16,Health and beauty,10,339.36,10.0
388,2019-01-27 14:55:00,Weekend,14,Fashion accessories,9,510.9615,9.5
389,2019-03-10 14:04:00,Weekend,14,Food and beverages,7,133.917,6.6
390,2019-02-15 12:31:00,Workday,12,Fashion accessories,3,253.512,8.1
391,2019-01-26 14:51:00,Weekend,14,Fashion accessories,10,398.475,9.7
392,2019-02-13 18:27:00,,18,Electronic accessories,1,80.661,7.2
393,2019-03-09 12:45:00,Weekend,12,Sports and travel,10,548.73,6.2
394,2019-03-06 10:36:00,,10,Health and beauty,1,83.727,7.3
395,2019-01-24 20:36:00,Workday,20,Health and beauty,5,406.875,4.3
396,2019-03-13 14:16:00,,14,Food and beverages,5,284.9175,4.6
397,2019-03-15 10:26:00,Workday,10,Home and lifestyle,9,128.4255,5.8
398,2019-03-05 13:30:00,Workday,13,Health and beauty,6,258.678,8.3
399,2019-03-04 16:28:00,Workday,16,Electronic accessories,9,181.81799999999998,8.0
400,2019-03-25 20:18:00,Workday,20,Food and beverages,6,248.40900000000002,9.4
401,2019-03-12 20:04:00,Workday,20,Home and lifestyle,4,194.12400000000002,6.2
402,2019-02-04 13:38:00,Workday,13,Home and lifestyle,1,14.679,9.8
403,2019-02-22 10:43:00,Workday,10,Fashion accessories,5,208.6875,9.6
404,2019-02-16 17:30:00,Weekend,17,Fashion accessories,7,718.7565,4.9
405,2019-01-19 15:28:00,Weekend,15,Sports and travel,4,282.492,8.0
406,2019-01-11 19:07:00,Workday,19,Food and beverages,5,72.3975,7.8
407,2019-01-04 19:01:00,Workday,19,Fashion accessories,4,288.582,4.1
408,2019-03-04 19:48:00,Workday,19,Home and lifestyle,4,237.426,5.5
409,2019-01-28 19:24:00,Workday,19,Fashion accessories,5,125.055,5.4
410,2019-01-02 13:00:00,,13,Health and beauty,10,359.205,5.1
411,2019-01-25 14:29:00,Workday,14,Sports and travel,2,45.927,6.9
412,2019-01-04 13:21:00,Workday,13,Health and beauty,5,110.0925,7.8
413,2019-03-10 18:55:00,Weekend,18,Sports and travel,3,81.396,6.6
414,2019-03-22 19:36:00,Workday,19,Home and lifestyle,8,427.81199999999995,9.2
415,2019-01-25 16:28:00,Workday,16,Health and beauty,1,100.9155,7.8
416,2019-01-08 13:48:00,Workday,13,Home and lifestyle,4,190.59599999999998,8.7
417,2019-01-22 10:57:00,Workday,10,Health and beauty,1,85.5855,9.2
418,2019-01-12 17:13:00,Weekend,17,Health and beauty,2,120.162,8.3
419,2019-02-04 10:23:00,Workday,10,Electronic accessories,7,185.36700000000002,8.2
420,2019-03-28 13:57:00,Workday,13,Food and beverages,3,121.59,7.5
421,2019-01-23 13:29:00,,13,Electronic accessories,3,264.7575,9.8
422,2019-02-08 13:00:00,Workday,13,Fashion accessories,10,,8.7
423,2019-03-19 19:42:00,Workday,19,Fashion accessories,8,213.528,6.7
424,2019-03-09 15:36:00,Weekend,15,Fashion accessories,1,17.094,5.0
425,2019-01-02 13:40:00,,13,Fashion accessories,9,383.7645,7.0
426,2019-01-21 18:01:00,Workday,18,Health and beauty,7,390.7995,8.9
427,2019-03-20 13:53:00,,13,Food and beverages,3,65.7405,8.0
428,2019-02-27 17:27:00,,17,Sports and travel,5,353.1675,6.9
429,2019-03-08 10:53:00,Workday,10,Home and lifestyle,10,951.825,7.3
430,2019-01-31 19:48:00,Workday,19,Fashion accessories,2,145.06799999999998,6.9
431,2019-03-08 16:53:00,Workday,16,Food and beverages,2,90.867,5.7
432,2019-01-13 19:14:00,Weekend,19,Electronic accessories,6,147.798,6.4
433,2019-03-09 14:36:00,Weekend,14,Fashion accessories,7,702.2189999999999,9.6
434,2019-02-22 18:19:00,Workday,18,Fashion accessories,1,49.812,6.8
435,2019-03-19 19:09:00,Workday,19,Sports and travel,9,937.818,9.0
436,2019-01-20 16:51:00,Weekend,16,Sports and travel,4,348.306,9.6
437,2019-03-08 15:37:00,Workday,15,Home and lifestyle,6,214.137,7.7
438,2019-03-08 20:15:00,Workday,20,Food and beverages,4,71.568,7.0
439,2019-02-07 14:38:00,Workday,14,Electronic accessories,8,343.224,6.5
440,2019-01-15 19:25:00,Workday,19,Food and beverages,5,91.56,8.1
441,2019-03-22 19:35:00,Workday,19,Sports and travel,8,742.812,4.3
442,2019-01-15 15:42:00,Workday,15,Home and lifestyle,9,843.0345,6.5
443,2019-01-08 14:11:00,Workday,14,Fashion accessories,1,13.419,9.5
444,2019-01-15 10:43:00,Workday,10,Sports and travel,7,140.385,9.7
445,2019-01-28 17:58:00,Workday,17,Health and beauty,1,20.1075,9.5
446,2019-02-14 11:26:00,Workday,11,Food and beverages,10,290.43,8.9
447,2019-03-10 17:38:00,Weekend,17,Fashion accessories,3,144.08100000000002,6.5
448,2019-01-12 20:07:00,Weekend,20,Health and beauty,1,28.4235,5.3
449,2019-03-26 11:02:00,Workday,11,Sports and travel,1,41.076,9.6
450,2019-01-01 19:07:00,Workday,19,Electronic accessories,6,470.673,6.7
451,2019-01-02 18:50:00,,18,Electronic accessories,6,138.66299999999998,7.6
452,2019-03-16 12:43:00,Weekend,12,Food and beverages,5,333.9525,4.8
453,2019-03-03 15:09:00,Weekend,15,Health and beauty,1,26.25,5.5
454,2019-01-31 13:47:00,Workday,13,Electronic accessories,4,87.234,4.7
455,2019-02-13 16:59:00,,16,Fashion accessories,5,155.19,6.9
456,2019-02-15 14:15:00,Workday,14,Food and beverages,9,731.43,4.5
457,2019-02-07 20:24:00,Workday,20,Electronic accessories,10,833.595,6.2
458,2019-01-27 13:58:00,Weekend,13,Electronic accessories,10,488.985,7.6
459,2019-02-23 16:52:00,Weekend,16,Food and beverages,1,37.6845,7.9
460,2019-02-03 15:19:00,Weekend,15,Food and beverages,5,212.73,4.5
461,2019-03-03 12:25:00,Weekend,12,Food and beverages,10,767.025,8.7
462,2019-02-03 10:02:00,Weekend,10,Sports and travel,4,310.59,6.1
463,2019-03-17 18:58:00,Weekend,18,Food and beverages,1,23.750999999999998,6.4
464,2019-03-28 15:31:00,Workday,15,Food and beverages,5,269.535,9.1
465,2019-03-02 11:22:00,Weekend,11,Sports and travel,10,572.775,7.1
466,2019-02-08 13:12:00,Workday,13,Health and beauty,7,273.0525,7.7
467,2019-03-22 18:33:00,Workday,18,Sports and travel,6,233.226,4.5
468,2019-02-09 10:02:00,Weekend,10,Food and beverages,1,22.659000000000002,7.2
469,2019-02-15 11:21:00,Workday,11,Electronic accessories,1,103.78200000000001,8.4
470,2019-01-23 12:10:00,,12,Home and lifestyle,6,527.751,5.4
471,2019-01-25 11:40:00,Workday,11,Sports and travel,4,168.21,9.7
472,2019-02-02 18:31:00,Weekend,18,Fashion accessories,10,452.865,5.5
473,2019-03-30 17:58:00,Weekend,17,Health and beauty,8,609.5880000000001,4.6
474,2019-03-30 17:04:00,Weekend,17,Electronic accessories,5,338.31,6.6
475,2019-02-25 20:35:00,Workday,20,Health and beauty,3,205.317,6.3
476,2019-03-18 16:10:00,Workday,16,Sports and travel,5,174.615,4.2
477,2019-03-07 16:54:00,Workday,16,Electronic accessories,4,353.094,4.4
478,2019-03-16 10:11:00,Weekend,10,Sports and travel,10,360.885,6.7
479,2019-01-29 11:26:00,Workday,11,Electronic accessories,1,40.53,6.7
480,2019-02-02 20:29:00,Weekend,20,Food and beverages,8,554.148,8.4
481,2019-02-15 12:12:00,Workday,12,Electronic accessories,10,344.4,6.2
482,2019-01-08 13:05:00,Workday,13,Sports and travel,5,194.985,5.0
483,2019-02-12 16:19:00,Workday,16,Home and lifestyle,10,633.99,6.0
484,2019-01-01 19:48:00,Workday,19,Sports and travel,10,388.29,7.0
485,2019-03-21 15:25:00,Workday,15,Sports and travel,4,207.858,6.6
486,2019-02-28 14:42:00,Workday,14,Fashion accessories,10,431.445,7.3
487,2019-03-23 18:59:00,Weekend,18,Fashion accessories,4,156.03,8.3
488,2019-01-30 20:47:00,,20,Home and lifestyle,1,24.108,4.3
489,2019-02-04 13:21:00,Workday,13,Home and lifestyle,9,734.076,9.8
490,2019-03-13 19:48:00,,19,Fashion accessories,2,72.87,8.2
491,2019-03-15 18:20:00,Workday,18,Fashion accessories,10,206.43,7.2
492,2019-03-05 20:24:00,Workday,20,Health and beauty,8,212.688,8.7
493,2019-03-05 13:44:00,Workday,13,Home and lifestyle,10,127.26,8.4
494,2019-02-26 11:48:00,Workday,11,Fashion accessories,2,209.769,7.1
495,2019-03-20 14:14:00,,14,Sports and travel,8,637.7280000000001,5.5
496,2019-01-01 15:51:00,Workday,15,Electronic accessories,2,132.762,8.5
497,2019-01-27 11:17:00,Weekend,11,Food and beverages,6,568.512,6.2
498,2019-01-21 17:36:00,Workday,17,Sports and travel,1,103.0365,8.9
499,2019-02-02 15:47:00,Weekend,15,Sports and travel,8,432.76800000000003,9.6
500,2019-02-03 15:53:00,Weekend,15,Sports and travel,1,77.6685,5.4
501,2019-01-05 12:40:00,Weekend,12,Fashion accessories,1,33.495,9.1
502,2019-01-27 19:48:00,Weekend,19,Home and lifestyle,2,145.74,9.0
503,2019-03-25 17:53:00,Workday,17,Sports and travel,2,195.951,6.3
504,2019-02-25 16:36:00,Workday,16,Sports and travel,1,92.8725,9.5
505,2019-01-28 20:54:00,Workday,20,Electronic accessories,8,203.112,9.8
506,2019-01-08 12:50:00,Workday,12,Sports and travel,3,152.775,6.7
507,2019-01-29 10:48:00,Workday,10,Food and beverages,6,529.515,7.7
508,2019-03-29 14:28:00,Workday,14,Health and beauty,5,321.7725,7.0
509,2019-02-09 17:15:00,Weekend,17,Home and lifestyle,6,100.485,5.1
510,2019-01-16 18:03:00,,18,Sports and travel,7,666.939,6.2
511,2019-01-05 17:29:00,Weekend,17,Home and lifestyle,5,225.2775,6.1
512,2019-01-27 18:05:00,Weekend,18,Fashion accessories,7,398.958,9.3
513,2019-03-14 12:07:00,Workday,12,Electronic accessories,7,731.6925,7.6
514,2019-02-23 19:49:00,Weekend,19,Sports and travel,7,429.1665,8.2
515,2019-03-18 15:52:00,Workday,15,Fashion accessories,1,54.0435,8.5
516,2019-03-29 16:48:00,Workday,16,Health and beauty,5,288.015,9.8
517,2019-01-22 20:46:00,Workday,20,Home and lifestyle,5,206.7975,8.7
518,2019-03-01 18:14:00,Workday,18,Home and lifestyle,2,72.933,9.7
519,2019-01-17 15:05:00,Workday,15,Sports and travel,5,377.58,4.3
520,2019-03-26 10:34:00,Workday,10,Electronic accessories,3,143.9865,7.7
521,2019-03-20 11:23:00,,11,Home and lifestyle,6,523.971,7.3
522,2019-02-06 13:55:00,,13,Home and lifestyle,6,235.872,5.9
523,2019-01-01 11:43:00,Workday,11,Health and beauty,2,132.02700000000002,5.0
524,2019-01-27 14:36:00,Weekend,14,Food and beverages,6,514.773,8.0
525,2019-02-25 16:03:00,Workday,16,Sports and travel,5,479.9025,7.1
526,2019-01-16 20:03:00,,20,Fashion accessories,4,164.68200000000002,9.0
527,2019-01-13 14:55:00,Weekend,14,Fashion accessories,2,125.706,6.7
528,2019-02-07 11:28:00,Workday,11,Food and beverages,10,570.78,6.1
529,2019-02-17 19:41:00,Weekend,19,Sports and travel,9,926.9505,9.3
530,2019-02-12 19:01:00,Workday,19,Health and beauty,6,160.209,7.0
531,2019-01-24 18:04:00,Workday,18,Fashion accessories,8,728.112,7.2
532,2019-02-06 19:20:00,,19,Electronic accessories,10,240.975,8.2
533,2019-03-26 10:31:00,Workday,10,Food and beverages,9,154.1295,8.4
534,2019-03-11 13:28:00,Workday,13,Home and lifestyle,5,148.68,6.2
535,2019-02-07 11:36:00,Workday,11,Home and lifestyle,7,122.5245,7.4
536,2019-01-05 11:32:00,Weekend,11,Fashion accessories,1,77.658,5.0
537,2019-03-07 11:44:00,Workday,11,Home and lifestyle,1,102.837,6.9
538,2019-02-25 17:16:00,Workday,17,Fashion accessories,4,306.81,4.9
539,2019-02-01 18:43:00,Workday,18,Food and beverages,6,551.124,5.1
540,2019-01-22 11:00:00,Workday,11,Home and lifestyle,3,96.64200000000001,9.1
541,2019-01-03 10:30:00,Workday,10,Health and beauty,1,79.67399999999999,7.1
542,2019-02-13 12:14:00,,12,Sports and travel,4,84.756,5.0
543,2019-01-28 16:43:00,Workday,16,Electronic accessories,6,118.251,5.5
544,2019-01-05 20:40:00,Weekend,20,Food and beverages,1,74.76,9.2
545,2019-03-19 13:40:00,Workday,13,Home and lifestyle,4,163.002,4.9
546,2019-01-12 16:23:00,Weekend,16,Fashion accessories,10,308.91,8.9
547,2019-01-07 12:08:00,Workday,12,Sports and travel,9,575.9775,6.0
548,2019-01-26 17:45:00,Weekend,17,Sports and travel,5,270.585,4.2
549,2019-01-23 10:28:00,,10,Electronic accessories,6,416.17800000000005,7.3
550,2019-02-09 20:31:00,Weekend,20,Fashion accessories,3,180.4005,6.5
551,2019-02-22 10:49:00,Workday,10,Fashion accessories,9,513.2295,8.9
552,2019-02-05 12:34:00,Workday,12,Health and beauty,9,550.368,9.7
553,2019-03-07 10:23:00,Workday,10,Electronic accessories,6,139.923,8.6
554,2019-03-25 18:51:00,Workday,18,Electronic accessories,7,142.002,6.9
555,2019-01-20 13:45:00,Weekend,13,Home and lifestyle,3,118.06200000000001,7.7
556,2019-02-04 19:38:00,Workday,19,Fashion accessories,2,151.284,9.5
557,2019-01-30 20:23:00,,20,Food and beverages,10,,4.5
558,2019-01-02 15:24:00,,15,Food and beverages,6,262.45799999999997,5.6
559,2019-03-29 16:54:00,Workday,16,Home and lifestyle,3,228.123,8.2
560,2019-03-14 12:32:00,Workday,12,Electronic accessories,9,203.93099999999998,7.3
561,2019-02-11 15:42:00,Workday,15,Food and beverages,10,936.6,4.4
562,2019-01-30 13:58:00,,13,Electronic accessories,8,356.32800000000003,5.7
563,2019-03-20 15:08:00,,15,Electronic accessories,6,469.413,5.0
564,2019-03-20 13:02:00,,13,Fashion accessories,2,208.425,9.0
565,2019-01-17 13:01:00,Workday,13,Food and beverages,10,852.705,6.3
566,2019-02-03 16:40:00,Weekend,16,Sports and travel,10,517.965,9.4
567,2019-01-01 13:55:00,Workday,13,Fashion accessories,9,621.243,7.7
568,2019-01-10 10:33:00,Workday,10,Fashion accessories,7,586.971,5.5
569,2019-03-02 16:42:00,Weekend,16,Sports and travel,7,543.753,4.1
570,2019-02-25 17:16:00,Workday,17,Home and lifestyle,5,430.71,7.6
571,2019-01-29 11:48:00,Workday,11,Sports and travel,10,280.035,8.6
572,2019-03-10 19:35:00,Weekend,19,Food and beverages,7,74.4555,8.3
573,2019-01-13 19:55:00,Weekend,19,Food and beverages,2,152.019,8.1
574,2019-03-22 14:33:00,Workday,14,Sports and travel,5,451.0275,8.6
575,2019-03-01 19:49:00,Workday,19,Fashion accessories,7,597.6285,6.3
576,2019-02-20 18:43:00,,18,Food and beverages,4,253.26,5.8
577,2019-01-14 14:43:00,Workday,14,Food and beverages,4,133.434,6.2
578,2019-03-26 13:54:00,Workday,13,Health and beauty,4,269.934,7.7
579,2019-03-01 12:15:00,Workday,12,Health and beauty,2,145.971,8.1
580,2019-01-07 12:37:00,Workday,12,Food and beverages,3,85.743,7.3
581,2019-02-01 19:54:00,Workday,19,Health and beauty,4,326.256,8.4
582,2019-02-13 15:06:00,,15,Fashion accessories,2,195.25799999999998,8.0
583,2019-01-14 18:03:00,Workday,18,Fashion accessories,4,75.936,9.5
584,2019-01-19 15:58:00,Weekend,15,Sports and travel,3,198.639,7.0
585,2019-03-09 13:53:00,Weekend,13,Health and beauty,4,217.18200000000002,9.8
586,2019-03-27 14:03:00,,14,Food and beverages,3,164.87099999999998,9.2
587,2019-02-04 16:38:00,Workday,16,Sports and travel,5,226.065,7.7
588,2019-03-14 11:07:00,Workday,11,Fashion accessories,10,625.905,5.3
589,2019-03-04 12:23:00,Workday,12,Health and beauty,5,76.755,4.4
590,2019-03-03 10:54:00,Weekend,10,Health and beauty,6,293.139,4.3
591,2019-01-27 17:38:00,Weekend,17,Home and lifestyle,7,178.16400000000002,9.4
592,2019-02-07 14:13:00,Workday,14,Sports and travel,1,47.858999999999995,9.8
593,2019-02-05 11:51:00,Workday,11,Sports and travel,3,236.88,4.8
594,2019-03-15 13:05:00,Workday,13,Sports and travel,3,304.92,5.3
595,2019-03-01 11:30:00,Workday,11,Health and beauty,3,46.683,8.7
596,2019-02-15 13:30:00,Workday,13,Food and beverages,3,164.43,9.5
597,2019-02-17 19:11:00,Weekend,19,Sports and travel,9,440.93699999999995,5.3
598,2019-01-26 18:53:00,Weekend,18,Fashion accessories,5,193.4625,9.2
599,2019-03-24 14:22:00,Weekend,14,Home and lifestyle,2,147.672,9.6
600,2019-01-23 17:16:00,,17,Electronic accessories,1,87.234,6.4
601,2019-01-26 10:06:00,Weekend,10,Fashion accessories,1,68.2395,4.5
602,2019-03-14 20:35:00,Workday,20,Food and beverages,10,814.38,6.9
603,2019-03-17 13:54:00,Weekend,13,Sports and travel,6,343.413,7.8
604,2019-01-08 20:08:00,Workday,20,Fashion accessories,7,381.3915,4.5
605,2019-02-08 15:26:00,Workday,15,Home and lifestyle,4,133.35,8.6
606,2019-02-10 12:56:00,Weekend,12,Fashion accessories,7,394.3275,5.2
607,2019-03-28 19:16:00,Workday,19,Food and beverages,4,209.118,6.4
608,2019-01-23 12:20:00,,12,Fashion accessories,1,32.1405,5.2
609,2019-01-17 10:37:00,Workday,10,Food and beverages,2,121.569,8.9
610,2019-02-07 10:18:00,Workday,10,Electronic accessories,1,30.408,6.2
611,2019-03-09 11:23:00,Weekend,11,Food and beverages,9,935.2665,6.7
612,2019-01-24 11:45:00,Workday,11,Fashion accessories,3,293.643,7.2
613,2019-01-19 16:08:00,Weekend,16,Sports and travel,1,84.9765,9.0
614,2019-02-03 11:25:00,Weekend,11,Food and beverages,10,708.225,4.2
615,2019-03-20 12:24:00,,12,Sports and travel,9,365.904,4.2
616,2019-01-13 19:51:00,Weekend,19,Sports and travel,6,457.38,6.9
617,2019-03-14 18:10:00,Workday,18,Electronic accessories,5,461.5275,4.4
618,2019-01-23 11:22:00,,11,Food and beverages,6,620.739,4.0
619,2019-02-07 17:55:00,Workday,17,Fashion accessories,6,273.798,8.5
620,2019-03-28 15:30:00,Workday,15,Food and beverages,3,225.792,9.2
621,2019-03-20 19:44:00,,19,Food and beverages,1,96.1905,9.8
622,2019-01-17 15:27:00,Workday,15,Home and lifestyle,7,695.2365,4.9
623,2019-01-12 11:25:00,Weekend,11,Fashion accessories,10,874.125,4.4
624,2019-02-16 15:42:00,Weekend,15,Fashion accessories,1,95.9175,6.8
625,2019-01-26 16:04:00,Weekend,16,Food and beverages,2,165.648,9.1
626,2019-03-09 12:37:00,Weekend,12,Sports and travel,2,127.82700000000001,8.7
627,2019-03-14 14:41:00,Workday,14,Health and beauty,10,867.09,5.0
628,2019-01-25 14:19:00,Workday,14,Home and lifestyle,3,167.895,7.5
629,2019-01-26 18:19:00,Weekend,18,Fashion accessories,1,12.6945,8.2
630,2019-01-19 14:08:00,Weekend,14,Sports and travel,10,673.995,6.7
631,2019-03-05 16:38:00,Workday,16,Electronic accessories,3,246.6765,5.4
632,2019-01-15 10:54:00,Workday,10,Food and beverages,2,175.917,7.0
633,2019-03-18 11:29:00,Workday,11,Home and lifestyle,3,314.055,4.7
634,2019-03-20 19:28:00,,19,Food and beverages,3,251.7165,5.0
635,2019-01-15 15:01:00,Workday,15,Health and beauty,10,697.935,5.0
636,2019-03-03 20:31:00,Weekend,20,Health and beauty,7,212.7825,6.0
637,2019-03-19 12:16:00,Workday,12,Electronic accessories,1,48.51,6.3
638,2019-03-08 15:27:00,Workday,15,Food and beverages,5,92.5575,8.5
639,2019-02-27 17:36:00,,17,Fashion accessories,3,165.123,7.5
640,2019-02-23 20:00:00,Weekend,20,Food and beverages,3,311.1885,6.4
641,2019-03-19 15:29:00,Workday,15,Electronic accessories,8,743.82,4.7
642,2019-03-27 15:08:00,,15,Electronic accessories,2,116.90700000000001,6.0
643,2019-03-30 19:26:00,Weekend,19,Food and beverages,8,609.168,4.0
644,2019-02-16 15:53:00,Weekend,15,Electronic accessories,5,63.2625,5.5
645,2019-01-18 18:43:00,Workday,18,Home and lifestyle,9,182.952,8.7
646,2019-03-30 14:58:00,Weekend,14,Health and beauty,6,442.32300000000004,7.4
647,2019-03-20 19:55:00,,19,Fashion accessories,1,35.3115,5.6
648,2019-01-16 15:10:00,,15,Sports and travel,2,32.529,6.3
649,2019-02-24 16:44:00,Weekend,16,Electronic accessories,10,259.77,7.1
650,2019-01-15 18:22:00,Workday,18,Electronic accessories,5,397.215,7.8
651,2019-01-22 11:52:00,Workday,11,Health and beauty,6,351.603,9.9
652,2019-02-03 17:24:00,Weekend,17,Home and lifestyle,10,764.19,7.3
653,2019-03-06 15:31:00,,15,Sports and travel,9,352.67400000000004,5.1
654,2019-02-16 18:04:00,Weekend,18,Fashion accessories,4,252.75599999999997,9.4
655,2019-03-14 14:13:00,Workday,14,Electronic accessories,3,49.4235,5.8
656,2019-02-27 10:23:00,,10,Electronic accessories,1,104.6745,8.0
657,2019-01-18 10:11:00,Workday,10,Fashion accessories,3,277.6725,7.9
658,2019-01-29 15:48:00,Workday,15,Sports and travel,5,146.6325,5.9
659,2019-02-26 17:46:00,Workday,17,Fashion accessories,1,58.2225,4.9
660,2019-02-03 11:46:00,Weekend,11,Sports and travel,3,135.3555,9.3
661,2019-01-16 12:07:00,,12,Sports and travel,7,125.979,7.9
662,2019-03-24 18:14:00,Weekend,18,Fashion accessories,6,370.125,5.9
663,2019-02-12 14:45:00,Workday,14,Food and beverages,10,914.55,9.9
664,2019-02-21 11:39:00,Workday,11,Sports and travel,2,207.48,7.7
665,2019-02-04 15:44:00,Workday,15,Fashion accessories,4,204.24599999999998,7.6
666,2019-02-20 13:06:00,,13,Food and beverages,3,181.88099999999997,7.7
667,2019-02-23 20:43:00,Weekend,20,Health and beauty,4,75.47399999999999,6.4
668,2019-02-16 14:19:00,Weekend,14,Health and beauty,6,300.573,4.4
669,2019-01-17 10:01:00,Workday,10,Sports and travel,2,85.302,4.1
670,2019-01-14 19:30:00,Workday,19,Fashion accessories,10,588.42,4.4
671,2019-03-30 16:34:00,Weekend,16,Food and beverages,2,196.14,5.5
672,2019-03-02 13:10:00,Weekend,13,Health and beauty,3,231.2415,4.0
673,2019-02-15 17:10:00,Workday,17,Health and beauty,8,282.57599999999996,9.3
674,2019-03-01 10:22:00,Workday,10,Electronic accessories,10,477.54,4.8
675,2019-02-24 19:57:00,Weekend,19,Fashion accessories,2,175.917,4.6
676,2019-02-19 19:29:00,Workday,19,Sports and travel,7,470.98800000000006,7.3
677,2019-02-23 18:30:00,Weekend,18,Food and beverages,4,308.574,6.0
678,2019-02-07 14:27:00,Workday,14,Health and beauty,10,618.975,8.1
679,2019-01-11 13:57:00,Workday,13,Food and beverages,6,305.55,9.4
680,2019-02-12 19:43:00,Workday,19,Electronic accessories,1,41.45399999999999,6.5
681,2019-01-14 10:11:00,Workday,10,Sports and travel,1,36.5505,7.0
682,2019-01-09 13:46:00,,13,Fashion accessories,6,310.716,7.1
683,2019-02-27 12:22:00,,12,Fashion accessories,2,45.108000000000004,6.6
684,2019-01-24 19:20:00,Workday,19,Sports and travel,6,145.404,4.9
685,2019-01-08 12:58:00,Workday,12,Home and lifestyle,2,103.11,6.4
686,2019-01-08 11:59:00,Workday,11,Sports and travel,2,136.143,8.0
687,2019-01-16 17:59:00,,17,Home and lifestyle,10,667.38,4.3
688,2019-03-13 12:51:00,,12,Sports and travel,2,153.048,6.1
689,2019-02-15 10:36:00,Workday,10,Food and beverages,3,211.365,7.5
690,2019-01-25 13:38:00,Workday,13,Sports and travel,9,663.2955,6.7
691,2019-03-12 19:39:00,Workday,19,Food and beverages,7,404.54400000000004,5.2
692,2019-03-04 12:44:00,Workday,12,Health and beauty,10,510.615,8.8
693,2019-02-10 13:56:00,Weekend,13,Fashion accessories,7,539.3430000000001,9.5
694,2019-01-16 14:42:00,,14,Food and beverages,9,497.07,7.6
695,2019-01-29 19:45:00,Workday,19,Home and lifestyle,5,458.6925,6.6
696,2019-01-01 20:26:00,Workday,20,Sports and travel,4,113.568,6.9
697,2019-01-06 19:46:00,Weekend,19,Home and lifestyle,4,261.198,4.3
698,2019-02-19 19:38:00,Workday,19,Electronic accessories,9,657.5310000000001,7.8
699,2019-01-12 16:18:00,Weekend,16,Home and lifestyle,10,,8.0
700,2019-02-07 12:23:00,Workday,12,Fashion accessories,8,507.444,9.6
701,2019-03-27 19:11:00,,19,Food and beverages,3,101.80799999999999,4.3
702,2019-02-27 18:57:00,,18,Fashion accessories,10,207.585,5.0
703,2019-01-06 11:18:00,Weekend,11,Health and beauty,9,760.4415,9.2
704,2019-03-02 12:40:00,Weekend,12,Home and lifestyle,9,835.2855,6.3
705,2019-03-29 14:06:00,Workday,14,Health and beauty,7,527.5095,8.9
706,2019-01-31 20:48:00,Workday,20,Electronic accessories,4,180.6,7.6
707,2019-01-21 20:13:00,Workday,20,Food and beverages,1,72.429,4.8
708,2019-01-20 20:37:00,Weekend,20,Fashion accessories,8,131.208,9.1
709,2019-01-17 17:59:00,Workday,17,Sports and travel,3,80.955,6.1
710,2019-02-28 20:18:00,Workday,20,Food and beverages,6,507.906,9.1
711,2019-03-19 15:52:00,Workday,15,Home and lifestyle,4,317.226,8.3
712,2019-02-19 15:14:00,Workday,15,Electronic accessories,9,733.6035,7.2
713,2019-02-04 12:50:00,Workday,12,Health and beauty,9,130.8825,6.0
714,2019-01-31 10:36:00,Workday,10,Fashion accessories,8,829.08,8.5
715,2019-02-06 18:33:00,,18,Health and beauty,5,187.32,6.6
716,2019-03-28 16:06:00,Workday,16,Fashion accessories,7,525.231,4.5
717,2019-01-19 12:47:00,Weekend,12,Electronic accessories,3,37.611,8.1
718,2019-02-17 13:34:00,Weekend,13,Fashion accessories,3,142.947,7.2
719,2019-01-18 15:04:00,Workday,15,Fashion accessories,6,110.124,6.1
720,2019-02-02 20:42:00,Weekend,20,Fashion accessories,7,187.86599999999999,7.1
721,2019-01-18 15:28:00,Workday,15,Sports and travel,9,856.4535,5.1
722,2019-03-18 13:45:00,Workday,13,Home and lifestyle,3,138.97799999999998,7.9
723,2019-01-11 20:10:00,Workday,20,Food and beverages,7,270.2595,7.4
724,2019-02-04 18:53:00,Workday,18,Food and beverages,4,98.02799999999999,7.4
725,2019-02-06 14:24:00,,14,Health and beauty,8,239.4,6.6
726,2019-01-08 11:42:00,Workday,11,Home and lifestyle,3,175.0455,5.9
727,2019-03-05 17:49:00,Workday,17,Sports and travel,10,732.27,8.9
728,2019-03-16 15:33:00,Weekend,15,Fashion accessories,4,408.49199999999996,6.8
729,2019-03-09 10:54:00,Weekend,10,Home and lifestyle,7,383.523,9.3
730,2019-03-01 16:23:00,Workday,16,Fashion accessories,4,93.744,4.4
731,2019-02-28 19:33:00,Workday,19,Health and beauty,3,176.4,4.8
732,2019-02-08 11:39:00,Workday,11,Fashion accessories,1,20.685,9.5
733,2019-01-24 10:38:00,Workday,10,Electronic accessories,7,557.7180000000001,8.9
734,2019-03-01 20:03:00,Workday,20,Food and beverages,1,56.406000000000006,6.4
735,2019-03-10 12:39:00,Weekend,12,Health and beauty,10,860.475,6.0
736,2019-03-23 15:59:00,Weekend,15,Home and lifestyle,7,596.82,8.1
737,2019-01-29 14:26:00,Workday,14,Electronic accessories,10,616.98,9.0
738,2019-01-12 18:22:00,Weekend,18,Electronic accessories,8,769.1039999999999,6.0
739,2019-03-20 11:32:00,,11,Home and lifestyle,9,887.922,9.8
740,2019-03-23 12:41:00,Weekend,12,Home and lifestyle,7,408.7335,8.5
741,2019-01-14 15:20:00,Workday,15,Food and beverages,1,89.0715,8.8
742,2019-02-12 14:33:00,Workday,14,Sports and travel,2,150.423,8.8
743,2019-02-20 15:29:00,,15,Home and lifestyle,2,79.149,9.5
744,2019-01-02 16:19:00,,16,Sports and travel,8,266.028,5.6
745,2019-02-02 16:33:00,Weekend,16,Food and beverages,1,40.341,8.6
746,2019-01-08 19:07:00,Workday,19,Fashion accessories,10,684.915,5.2
747,2019-01-30 14:43:00,,14,Home and lifestyle,5,55.2825,5.8
748,2019-03-26 19:28:00,Workday,19,Home and lifestyle,9,116.1405,8.0
749,2019-01-15 20:44:00,Workday,20,Health and beauty,7,597.0405,9.0
750,2019-03-14 11:16:00,Workday,11,Fashion accessories,4,93.744,4.1
751,2019-02-03 10:31:00,Weekend,10,Food and beverages,5,143.22,8.6
752,2019-02-22 12:30:00,Workday,12,Electronic accessories,10,182.91,7.0
753,2019-01-24 15:05:00,Workday,15,Home and lifestyle,5,384.72,8.4
754,2019-01-25 18:30:00,Workday,18,Fashion accessories,3,267.3405,7.4
755,2019-03-09 13:18:00,Weekend,13,Fashion accessories,8,817.2360000000001,6.2
756,2019-02-17 15:28:00,Weekend,15,Electronic accessories,8,300.216,4.9
757,2019-01-11 11:52:00,Workday,11,Home and lifestyle,6,608.076,4.5
758,2019-02-27 18:24:00,,18,Food and beverages,10,197.925,5.6
759,2019-03-25 15:19:00,Workday,15,Food and beverages,4,232.638,8.0
760,2019-02-11 10:38:00,Workday,10,Food and beverages,10,810.6,5.6
761,2019-01-31 15:12:00,Workday,15,Electronic accessories,10,757.365,4.2
762,2019-01-20 17:48:00,Weekend,17,Fashion accessories,8,536.592,9.9
763,2019-03-26 11:07:00,Workday,11,Health and beauty,5,56.1225,7.6
764,2019-01-20 15:48:00,Weekend,15,Health and beauty,4,233.1,6.6
765,2019-03-05 19:40:00,Workday,19,Home and lifestyle,8,801.8639999999999,4.7
766,2019-01-05 20:30:00,Weekend,20,Fashion accessories,3,239.58900000000003,9.8
767,2019-02-13 13:59:00,,13,Sports and travel,6,86.24700000000001,6.3
768,2019-03-16 18:51:00,Weekend,18,Electronic accessories,4,401.68800000000005,7.9
769,2019-01-15 17:24:00,Workday,17,Home and lifestyle,6,72.009,7.7
770,2019-02-26 11:58:00,Workday,11,Sports and travel,4,401.26800000000003,4.5
771,2019-02-27 19:01:00,,19,Health and beauty,7,631.1445,8.0
772,2019-02-17 16:50:00,Weekend,16,Sports and travel,7,499.7265,5.7
773,2019-02-06 10:22:00,,10,Food and beverages,1,55.041000000000004,6.3
774,2019-01-17 16:46:00,Workday,16,Food and beverages,2,137.865,6.0
775,2019-01-22 18:08:00,Workday,18,Food and beverages,5,151.515,8.0
776,2019-03-05 18:02:00,Workday,18,Health and beauty,7,480.0285,4.2
777,2019-01-03 13:07:00,Workday,13,Sports and travel,1,98.04899999999999,9.6
778,2019-03-20 17:52:00,,17,Sports and travel,5,132.5625,6.1
779,2019-01-31 20:32:00,Workday,20,Electronic accessories,9,830.3715,5.6
780,2019-02-19 19:24:00,Workday,19,Health and beauty,8,183.12,8.3
781,2019-02-11 16:06:00,Workday,16,Sports and travel,4,397.99199999999996,7.8
782,2019-02-05 14:14:00,Workday,14,Fashion accessories,1,32.150999999999996,4.1
783,2019-03-03 17:36:00,Weekend,17,Home and lifestyle,8,369.684,8.8
784,2019-02-24 13:08:00,Weekend,13,Health and beauty,5,53.34,4.1
785,2019-02-04 16:09:00,Workday,16,Electronic accessories,7,548.163,9.0
786,2019-02-19 11:33:00,Workday,11,Electronic accessories,8,603.876,5.5
787,2019-01-23 10:18:00,,10,Health and beauty,5,57.6975,9.3
788,2019-01-14 10:55:00,Workday,10,Health and beauty,3,190.4805,5.6
789,2019-01-17 15:15:00,Workday,15,Sports and travel,7,432.9885,9.7
790,2019-03-03 20:06:00,Weekend,20,Fashion accessories,1,48.7305,4.0
791,2019-02-15 20:21:00,Workday,20,Health and beauty,4,287.91,9.2
792,2019-01-15 13:48:00,Workday,13,Home and lifestyle,10,,4.9
793,2019-02-27 12:52:00,,12,Electronic accessories,7,680.61,9.3
794,2019-02-26 12:28:00,Workday,12,Electronic accessories,2,97.881,6.6
795,2019-03-15 16:26:00,Workday,16,Fashion accessories,2,57.078,4.3
796,2019-01-24 13:24:00,Workday,13,Home and lifestyle,1,63.9135,5.5
797,2019-02-22 15:15:00,Workday,15,Sports and travel,10,257.145,8.1
798,2019-03-15 10:50:00,Workday,10,Health and beauty,1,97.419,9.8
799,2019-02-11 18:38:00,Workday,18,Home and lifestyle,5,455.1225,9.4
800,2019-01-12 16:45:00,Weekend,16,Sports and travel,6,144.963,7.9
801,2019-03-03 19:30:00,Weekend,19,Electronic accessories,8,253.68,5.1
802,2019-03-23 13:23:00,Weekend,13,Fashion accessories,7,495.3165,6.9
803,2019-03-04 11:27:00,Workday,11,Fashion accessories,9,462.67199999999997,8.0
804,2019-02-23 11:12:00,Weekend,11,Electronic accessories,9,714.3255,8.0
805,2019-03-17 16:36:00,Weekend,16,Home and lifestyle,4,325.374,4.2
806,2019-01-16 18:41:00,,18,Sports and travel,2,195.678,8.5
807,2019-01-08 17:12:00,Workday,17,Electronic accessories,4,210.96599999999998,9.0
808,2019-01-14 10:38:00,Workday,10,Health and beauty,1,18.6375,8.6
809,2019-01-31 10:33:00,Workday,10,Fashion accessories,10,652.89,6.0
810,2019-03-15 14:38:00,Workday,14,Health and beauty,8,90.3,6.2
811,2019-02-24 18:06:00,Weekend,18,Electronic accessories,10,422.73,5.0
812,2019-02-08 12:52:00,Workday,12,Sports and travel,5,341.0925,6.5
813,2019-03-22 14:00:00,Workday,14,Electronic accessories,1,99.9075,6.0
814,2019-01-24 10:57:00,Workday,10,Electronic accessories,8,408.408,5.0
815,2019-03-14 16:45:00,Workday,16,Food and beverages,8,446.964,5.0
816,2019-01-23 11:15:00,,11,Fashion accessories,7,333.98400000000004,9.2
817,2019-01-19 20:29:00,Weekend,20,Food and beverages,8,284.592,9.6
818,2019-01-27 20:03:00,Weekend,20,Health and beauty,4,403.87199999999996,8.4
819,2019-02-03 14:35:00,Weekend,14,Food and beverages,5,247.59,6.0
820,2019-03-25 16:32:00,Workday,16,Electronic accessories,4,222.138,6.7
821,2019-02-24 10:10:00,Weekend,10,Home and lifestyle,2,100.12799999999999,4.1
822,2019-02-07 14:15:00,Workday,14,Sports and travel,1,10.6785,5.9
823,2019-03-04 10:05:00,Workday,10,Health and beauty,3,216.4365,8.7
824,2019-02-14 11:36:00,Workday,11,Sports and travel,7,441.588,4.5
825,2019-01-29 18:15:00,Workday,18,Sports and travel,4,92.44200000000001,6.6
826,2019-01-28 13:53:00,Workday,13,Health and beauty,9,681.4395,7.7
827,2019-03-26 18:37:00,Workday,18,Fashion accessories,3,130.032,8.5
828,2019-03-24 18:27:00,Weekend,18,Electronic accessories,10,681.975,5.2
829,2019-01-01 14:42:00,Workday,14,Electronic accessories,10,779.31,4.3
830,2019-01-24 17:43:00,Workday,17,Electronic accessories,8,88.704,7.6
831,2019-02-25 18:37:00,Workday,18,Health and beauty,4,262.79400000000004,9.5
832,2019-01-09 16:34:00,,16,Sports and travel,8,99.54,4.1
833,2019-02-14 14:42:00,Workday,14,Health and beauty,1,95.865,9.2
834,2019-03-12 11:01:00,Workday,11,Home and lifestyle,7,299.3655,5.4
835,2019-03-26 19:44:00,Workday,19,Fashion accessories,1,54.998999999999995,5.8
836,2019-01-09 13:34:00,,13,Fashion accessories,5,202.335,5.6
837,2019-01-02 20:08:00,,20,Sports and travel,6,281.16900000000004,5.1
838,2019-01-15 15:01:00,Workday,15,Electronic accessories,10,586.635,5.8
839,2019-01-01 11:40:00,Workday,11,Sports and travel,6,184.08599999999998,5.0
840,2019-02-15 15:21:00,Workday,15,Fashion accessories,3,163.611,7.9
841,2019-02-28 17:38:00,Workday,17,Electronic accessories,1,63.315,6.0
842,2019-03-02 16:16:00,Weekend,16,Sports and travel,2,82.887,5.0
843,2019-02-13 18:15:00,,18,Food and beverages,2,31.226999999999997,8.9
844,2019-01-26 12:43:00,Weekend,12,Fashion accessories,1,22.386,5.9
845,2019-01-30 11:32:00,,11,Electronic accessories,3,295.407,5.9
846,2019-01-27 18:08:00,Weekend,18,Electronic accessories,1,76.923,9.7
847,2019-01-30 17:08:00,,17,Sports and travel,1,23.499000000000002,8.6
848,2019-01-08 19:38:00,Workday,19,Food and beverages,9,688.716,4.0
849,2019-01-19 13:11:00,Weekend,13,Fashion accessories,6,624.33,4.2
850,2019-01-25 11:05:00,Workday,11,Fashion accessories,1,77.805,9.2
851,2019-02-19 10:12:00,Workday,10,Fashion accessories,2,206.808,9.2
852,2019-01-14 15:42:00,Workday,15,Health and beauty,7,390.9465,5.0
853,2019-02-25 11:58:00,Workday,11,Electronic accessories,10,554.295,10.0
854,2019-01-23 14:21:00,,14,Health and beauty,5,503.7375,8.8
855,2019-02-16 10:52:00,Weekend,10,Fashion accessories,9,345.0195,4.2
856,2019-01-01 19:31:00,Workday,19,Food and beverages,8,177.408,6.3
857,2019-03-07 18:35:00,Workday,18,Home and lifestyle,4,118.902,8.2
858,2019-02-15 13:51:00,Workday,13,Health and beauty,6,362.81699999999995,5.1
859,2019-01-23 12:35:00,,12,Food and beverages,9,450.1035,5.0
860,2019-02-20 13:24:00,,13,Home and lifestyle,1,90.5835,7.0
861,2019-01-08 18:06:00,Workday,18,Sports and travel,2,26.796,7.8
862,2019-03-17 11:55:00,Weekend,11,Home and lifestyle,9,106.596,4.3
863,2019-01-12 11:42:00,Weekend,11,Home and lifestyle,7,375.3645,7.0
864,2019-01-08 14:30:00,Workday,14,Electronic accessories,3,250.7085,6.6
865,2019-01-26 15:11:00,Weekend,15,Health and beauty,3,106.5015,7.3
866,2019-03-15 14:48:00,Workday,14,Sports and travel,8,760.452,6.5
867,2019-01-17 12:36:00,Workday,12,Health and beauty,2,131.922,4.9
868,2019-01-08 19:09:00,Workday,19,Food and beverages,3,76.5765,4.3
869,2019-01-06 13:35:00,Weekend,13,Sports and travel,4,271.278,9.3
870,2019-02-16 10:33:00,Weekend,10,Food and beverages,7,182.42700000000002,7.1
871,2019-03-13 15:45:00,,15,Fashion accessories,1,59.325,9.6
872,2019-01-28 11:51:00,Workday,11,Electronic accessories,10,225.015,6.2
873,2019-01-18 17:26:00,Workday,17,Sports and travel,6,561.078,9.9
874,2019-03-19 11:52:00,Workday,11,Home and lifestyle,4,97.818,5.9
875,2019-03-15 14:04:00,Workday,14,Home and lifestyle,8,548.184,6.3
876,2019-02-12 17:49:00,Workday,17,Fashion accessories,1,54.9675,4.0
877,2019-02-25 20:19:00,Workday,20,Electronic accessories,1,41.7375,6.1
878,2019-03-21 16:08:00,Workday,16,Electronic accessories,8,756.168,4.5
879,2019-01-19 10:17:00,Weekend,10,Electronic accessories,8,101.64,8.6
880,2019-01-08 14:25:00,Workday,14,Food and beverages,10,348.705,6.0
881,2019-03-30 12:51:00,Weekend,12,Fashion accessories,8,85.512,9.5
882,2019-02-20 15:18:00,,15,Sports and travel,10,335.895,9.9
883,2019-03-30 12:45:00,Weekend,12,Home and lifestyle,6,216.84599999999998,7.5
884,2019-03-19 13:37:00,Workday,13,Food and beverages,2,175.014,7.6
885,2019-01-13 10:03:00,Weekend,10,Sports and travel,7,335.01300000000003,5.0
886,2019-02-05 19:42:00,Workday,19,Food and beverages,1,92.295,6.7
887,2019-03-23 13:14:00,Weekend,13,Electronic accessories,10,771.435,9.5
888,2019-03-13 12:47:00,,12,Fashion accessories,8,102.396,6.8
889,2019-03-17 19:53:00,Weekend,19,Sports and travel,10,807.66,5.6
890,2019-02-21 10:26:00,Workday,10,Health and beauty,5,439.215,7.2
891,2019-02-07 15:06:00,Workday,15,Electronic accessories,8,486.444,8.1
892,2019-03-02 16:35:00,Weekend,16,Fashion accessories,5,485.5725,8.6
893,2019-03-06 20:57:00,,20,Electronic accessories,5,148.995,9.4
894,2019-02-06 15:16:00,,15,Electronic accessories,6,317.835,8.9
895,2019-01-28 17:47:00,Workday,17,Health and beauty,8,832.944,4.2
896,2019-01-18 16:23:00,Workday,16,Fashion accessories,7,446.439,5.0
897,2019-02-05 10:17:00,Workday,10,Food and beverages,6,297.801,8.8
898,2019-03-02 13:50:00,Weekend,13,Health and beauty,7,629.16,5.3
899,2019-02-09 19:17:00,Weekend,19,Food and beverages,9,331.12800000000004,4.6
900,2019-01-14 14:00:00,Workday,14,Electronic accessories,9,423.73800000000006,7.5
901,2019-02-09 12:02:00,Weekend,12,Home and lifestyle,4,193.074,5.1
902,2019-03-26 20:21:00,Workday,20,Health and beauty,5,145.5825,4.2
903,2019-01-28 17:35:00,Workday,17,Food and beverages,7,84.7455,8.1
904,2019-02-14 12:42:00,Workday,12,Health and beauty,2,122.47200000000001,6.0
905,2019-03-24 17:56:00,Weekend,17,Home and lifestyle,4,329.19599999999997,7.9
906,2019-02-09 18:58:00,Weekend,18,Health and beauty,10,888.405,8.8
907,2019-03-24 14:08:00,Weekend,14,Health and beauty,5,435.12,6.6
908,2019-03-27 16:30:00,,16,Food and beverages,2,167.03400000000002,6.2
909,2019-01-27 10:44:00,Weekend,10,Home and lifestyle,10,514.605,4.2
910,2019-03-27 20:29:00,,20,Food and beverages,3,91.8225,7.3
911,2019-01-19 11:43:00,Weekend,11,Electronic accessories,4,235.74599999999998,8.6
912,2019-02-07 10:09:00,Workday,10,Home and lifestyle,8,782.2080000000001,6.8
913,2019-01-31 10:00:00,Workday,10,Fashion accessories,8,431.256,7.6
914,2019-02-25 18:45:00,Workday,18,Food and beverages,3,313.74,5.8
915,2019-02-02 12:40:00,Weekend,12,Electronic accessories,6,223.58700000000002,4.1
916,2019-03-14 15:36:00,Workday,15,Sports and travel,1,44.9925,9.3
917,2019-03-11 12:04:00,Workday,12,Fashion accessories,4,397.61400000000003,6.8
918,2019-02-22 11:26:00,Workday,11,Home and lifestyle,3,217.2555,8.7
919,2019-03-02 12:36:00,Weekend,12,Electronic accessories,3,82.719,6.3
920,2019-03-10 15:06:00,Weekend,15,Home and lifestyle,9,338.2155,5.1
921,2019-02-08 10:58:00,Workday,10,Home and lifestyle,6,103.131,7.0
922,2019-02-22 12:10:00,Workday,12,Home and lifestyle,2,26.733,5.2
923,2019-01-10 10:31:00,Workday,10,Sports and travel,7,611.0790000000001,6.6
924,2019-03-14 13:49:00,Workday,13,Sports and travel,6,221.886,6.5
925,2019-01-10 11:10:00,Workday,11,Electronic accessories,4,57.876000000000005,9.0
926,2019-02-15 17:38:00,Workday,17,Sports and travel,1,92.7255,5.2
927,2019-01-13 17:54:00,Weekend,17,Health and beauty,9,374.409,6.8
928,2019-02-15 20:51:00,Workday,20,Electronic accessories,9,833.9625,7.6
929,2019-03-02 19:26:00,Weekend,19,Sports and travel,2,53.151,7.2
930,2019-03-24 13:33:00,Weekend,13,Home and lifestyle,6,629.496,7.1
931,2019-02-02 14:05:00,Weekend,14,Fashion accessories,2,175.035,9.5
932,2019-02-27 11:40:00,,11,Food and beverages,10,781.62,5.1
933,2019-01-20 12:27:00,Weekend,12,Health and beauty,7,470.98800000000006,7.6
934,2019-01-03 20:24:00,Workday,20,Home and lifestyle,6,397.845,9.8
935,2019-01-24 20:59:00,Workday,20,Home and lifestyle,3,270.018,5.1
936,2019-01-05 19:48:00,Weekend,19,Health and beauty,7,579.8415,7.5
937,2019-03-30 10:18:00,Weekend,10,Sports and travel,5,469.77,7.4
938,2019-02-17 16:27:00,Weekend,16,Health and beauty,3,290.0835,4.2
939,2019-03-21 17:04:00,Workday,17,Food and beverages,6,360.92699999999996,5.9
940,2019-03-02 18:14:00,Weekend,18,Food and beverages,4,279.384,6.9
941,2019-03-27 10:43:00,,10,Fashion accessories,9,943.299,6.6
942,2019-01-19 19:30:00,Weekend,19,Home and lifestyle,10,479.64,5.7
943,2019-02-19 14:53:00,Workday,14,Health and beauty,5,266.6475,5.3
944,2019-03-28 20:14:00,Workday,20,Health and beauty,7,74.08800000000001,4.2
945,2019-01-05 11:51:00,Weekend,11,Electronic accessories,7,690.018,7.3
946,2019-03-26 14:13:00,Workday,14,Electronic accessories,2,176.925,5.3
947,2019-02-03 20:13:00,Weekend,20,Fashion accessories,1,56.468999999999994,4.7
948,2019-02-06 18:44:00,,18,Home and lifestyle,5,188.0025,7.9
949,2019-02-24 14:26:00,Weekend,14,Food and beverages,8,222.012,8.9
950,2019-02-21 12:40:00,Workday,12,Health and beauty,3,125.7165,9.3
951,2019-01-09 18:43:00,,18,Home and lifestyle,3,68.985,4.7
952,2019-02-25 13:22:00,Workday,13,Food and beverages,4,263.97,8.7
953,2019-01-13 13:58:00,Weekend,13,Food and beverages,4,88.368,7.6
954,2019-02-09 11:45:00,Weekend,11,Home and lifestyle,6,415.233,5.7
955,2019-01-06 11:51:00,Weekend,11,Fashion accessories,7,312.8895,6.8
956,2019-01-10 17:16:00,Workday,17,Food and beverages,9,477.1305,5.4
957,2019-02-07 15:55:00,Workday,15,Electronic accessories,6,289.926,7.1
958,2019-01-09 12:07:00,,12,Home and lifestyle,10,165.9,7.8
959,2019-02-19 15:07:00,Workday,15,Food and beverages,9,932.337,8.4
960,2019-03-18 15:29:00,Workday,15,Fashion accessories,1,96.579,9.8
961,2019-02-05 18:45:00,Workday,18,Electronic accessories,2,43.869,9.8
962,2019-03-19 15:23:00,Workday,15,Fashion accessories,1,16.275,7.4
963,2019-03-30 20:37:00,Weekend,20,Electronic accessories,3,304.983,6.7
964,2019-01-26 14:41:00,Weekend,14,Food and beverages,2,69.993,6.4
965,2019-03-02 18:18:00,Weekend,18,Electronic accessories,2,80.367,5.8
966,2019-03-04 15:27:00,Workday,15,Home and lifestyle,9,314.685,7.2
967,2019-01-13 12:55:00,Weekend,12,Home and lifestyle,3,255.1815,9.3
968,2019-03-25 18:02:00,Workday,18,Health and beauty,3,49.77,9.5
969,2019-03-11 19:44:00,Workday,19,Electronic accessories,5,181.0725,9.0
970,2019-01-01 11:36:00,Workday,11,Food and beverages,10,888.615,9.0
971,2019-02-10 13:51:00,Weekend,13,Home and lifestyle,7,271.2885,6.7
972,2019-01-26 15:17:00,Weekend,15,Electronic accessories,7,640.038,5.5
973,2019-02-11 15:29:00,Workday,15,Home and lifestyle,3,252.252,5.4
974,2019-02-07 17:59:00,Workday,17,Fashion accessories,2,180.873,8.2
975,2019-03-06 11:55:00,,11,Fashion accessories,2,104.83200000000001,7.0
976,2019-03-04 10:39:00,Workday,10,Food and beverages,4,313.572,8.5
977,2019-02-26 15:10:00,Workday,15,Food and beverages,6,167.58,4.9
978,2019-03-10 18:10:00,Weekend,18,Electronic accessories,1,26.7225,5.1
979,2019-02-04 20:43:00,Workday,20,Food and beverages,1,71.1585,6.5
980,2019-01-19 12:46:00,Weekend,12,Food and beverages,4,250.278,9.8
981,2019-01-23 17:44:00,,17,Health and beauty,4,244.23,8.4
982,2019-03-14 14:19:00,Workday,14,Sports and travel,9,921.186,7.4
983,2019-01-23 10:33:00,,10,Health and beauty,7,734.706,6.1
984,2019-01-09 11:40:00,,11,Electronic accessories,7,708.3195,6.0
985,2019-02-07 19:30:00,Workday,19,Fashion accessories,5,334.4775,8.5
986,2019-02-18 14:42:00,Workday,14,Health and beauty,2,30.996,4.3
987,2019-01-03 19:08:00,Workday,19,Health and beauty,8,520.8,6.2
988,2019-03-29 19:12:00,Workday,19,Electronic accessories,10,864.57,4.3
989,2019-01-28 15:46:00,Workday,15,Health and beauty,8,633.1080000000001,8.4
990,2019-03-22 19:06:00,Workday,19,Food and beverages,5,296.94,4.5
991,2019-01-24 18:10:00,Workday,18,Sports and travel,10,804.3,6.0
992,2019-03-10 20:46:00,Weekend,20,Electronic accessories,2,121.863,8.8
993,2019-02-22 18:35:00,Workday,18,Fashion accessories,10,183.645,6.6
994,2019-02-18 11:40:00,Workday,11,Electronic accessories,1,63.9975,5.9
995,2019-01-29 13:46:00,Workday,13,Health and beauty,1,42.3675,6.2
996,2019-03-02 17:16:00,Weekend,17,Home and lifestyle,10,,4.4
997,2019-02-09 13:22:00,Weekend,13,Food and beverages,1,33.431999999999995,7.7
998,2019-02-22 15:33:00,Workday,15,Home and lifestyle,1,69.111,4.1
999,2019-02-18 13:28:00,Workday,13,Fashion accessories,7,649.299,6.6
